Tanggal,Tweets,ID,Screen Name,Banyak Retweet,Source,Retweet Status,Hashtags
2021-05-17 09:41:29,b'RT @zarazettirazr: Pejabat Kemensos itu bernama Victorious Saut Hamonangan selaku Direktur Rehabilitasi Sosial Korban Napza. Dia mengaku me\xe2\x80\xa6',1394226559741960193,Lizalarilari,73,Twitter Web App,1,[]
2021-05-17 09:40:28,b'RT @RicKY_KCh: Penyidik KPK kini terbelah antara kelompok pendukung pengusutan tuntas korupsi dana bansos dan yang tidak. Kelompok pendukun\xe2\x80\xa6',1394226302157090822,kus7anto,59,Twitter for Android,1,[]
2021-05-17 09:40:07,b'RT @zarazettirazr: Pejabat Kemensos itu bernama Victorious Saut Hamonangan selaku Direktur Rehabilitasi Sosial Korban Napza. Dia mengaku me\xe2\x80\xa6',1394226215561560066,ronicuexz,73,Twitter for Android,1,[]
2021-05-17 09:39:48,b'RT @zarazettirazr: Pejabat Kemensos itu bernama Victorious Saut Hamonangan selaku Direktur Rehabilitasi Sosial Korban Napza. Dia mengaku me\xe2\x80\xa6',1394226135685222402,Ghaney_P,73,Twitter for Android,1,[]
2021-05-17 09:39:41,b'@imannurkhalis Korup Bansos lg',1394226105209348103,pakarkampanye,0,Twitter Web App,0,[]
2021-05-17 09:39:29,b'RT @RicKY_KCh: Penyidik KPK kini terbelah antara kelompok pendukung pengusutan tuntas korupsi dana bansos dan yang tidak. Kelompok pendukun\xe2\x80\xa6',1394226056031137794,Tere49806893,59,Twitter for Android,1,[]
2021-05-17 09:37:35,b'@EnggalPMT Suara partai yg konon ktny pengikut Bung Karno malah gk terengar membela Palestina. Mungkin masih asyik ngakalin kasus bansos biar bs selamat.',1394225577729478658,rabbani_rasydan,0,Twitter Web App,0,[]
2021-05-17 09:36:44,b'RT @RaisaTjokrodnta: MALING BANSOS harus dihukum Mati !\n\nhttps://t.co/a0uIHAl0j4',1394225363929034753,RistyRosinta,6,Twitter for Android,1,[]
2021-05-17 09:36:18,b'RT @RaisaTjokrodnta: Upaya intelejen membungkam suara  FPI terhadap kejahatan Korupsi Bansos telah berhasil sejauh ini\n\nhttps://t.co/vTZK7S\xe2\x80\xa6',1394225253539147776,Fransisca_mhd,3,Twitter for Android,1,[]
2021-05-17 09:35:13,b'RT @RaisaTjokrodnta: MALING BANSOS harus dihukum Mati !\n\nhttps://t.co/a0uIHAl0j4',1394224979881861121,Fransisca_mhd,6,Twitter for Android,1,[]
2021-05-17 09:34:21,b'RT @zarazettirazr: Pejabat Kemensos itu bernama Victorious Saut Hamonangan selaku Direktur Rehabilitasi Sosial Korban Napza. Dia mengaku me\xe2\x80\xa6',1394224761228521475,Mohamma18617485,73,Twitter for Android,1,[]
2021-05-17 09:32:19,b'RT @zarazettirazr: Pejabat Kemensos itu bernama Victorious Saut Hamonangan selaku Direktur Rehabilitasi Sosial Korban Napza. Dia mengaku me\xe2\x80\xa6',1394224252388188161,marSyaheedAS,73,Twitter for Android,1,[]
2021-05-17 09:29:45,b'RT @zarazettirazr: Pejabat Kemensos itu bernama Victorious Saut Hamonangan selaku Direktur Rehabilitasi Sosial Korban Napza. Dia mengaku me\xe2\x80\xa6',1394223604007534594,dedstea,73,Twitter for Android,1,[]
2021-05-17 09:29:04,b'Para BuzzeRp sebenarnya masih berwujud manusia tapi sifat2nya sdh berubah mjd binatang bahkan Iblis. Mgkn karena yg mereka makan adlh dibeli dari uang hasil korupsi bansos dll. Bayaran hasil kerja mereka dari para bandarnya. Tiap rintihan si miskin yg digarong uangnya mjd bencana',1394223434490470405,HeriSuwondo2,0,Twitter for Android,0,[]
2021-05-17 09:27:07,b'RT @RicKY_KCh: Penyidik KPK kini terbelah antara kelompok pendukung pengusutan tuntas korupsi dana bansos dan yang tidak. Kelompok pendukun\xe2\x80\xa6',1394222940242145284,shm_77,59,Twitter Web App,1,[]
2021-05-17 09:26:55,b'RT @zarazettirazr: Pejabat Kemensos itu bernama Victorious Saut Hamonangan selaku Direktur Rehabilitasi Sosial Korban Napza. Dia mengaku me\xe2\x80\xa6',1394222891961438208,drohmansyah1607,73,Twitter for Android,1,[]
2021-05-17 09:26:40,b'RT @zarazettirazr: Pejabat Kemensos itu bernama Victorious Saut Hamonangan selaku Direktur Rehabilitasi Sosial Korban Napza. Dia mengaku me\xe2\x80\xa6',1394222828799418381,SuwandiDandi4,73,Twitter Web App,1,[]
2021-05-17 09:26:40,"b'@bangZhack86 Gak setuju tapi hanya sekedar ocehan macam obrolan dipangkalan ojek. Apa gunanya Presiden? \nAtau mungkin, itu ide Pak Camat, Bupati, Walikota, Gubernur atau Presiden? Atau jgn-jgn usulan madam bansos.'",1394222827973353474,penipu_2periode,0,Twitter for iPad,0,[]
2021-05-17 09:26:21,b'RT @zarazettirazr: Pejabat Kemensos itu bernama Victorious Saut Hamonangan selaku Direktur Rehabilitasi Sosial Korban Napza. Dia mengaku me\xe2\x80\xa6',1394222749942312961,zeinvey,73,Twitter for Android,1,[]
2021-05-17 09:26:12,b'RT @zarazettirazr: Pejabat Kemensos itu bernama Victorious Saut Hamonangan selaku Direktur Rehabilitasi Sosial Korban Napza. Dia mengaku me\xe2\x80\xa6',1394222711677677570,wongcilik1234,73,Twitter for Android,1,[]
2021-05-17 09:25:52,"b'@aeribase Dapet bansos, makanya cepet'",1394222626730496004,jncyin,0,Twitter for Android,0,[]
2021-05-17 09:25:46,b'RT @zarazettirazr: Pejabat Kemensos itu bernama Victorious Saut Hamonangan selaku Direktur Rehabilitasi Sosial Korban Napza. Dia mengaku me\xe2\x80\xa6',1394222603364012035,eko_juandri,73,Twitter Web App,1,[]
2021-05-17 09:25:32,b'RT @zarazettirazr: Pejabat Kemensos itu bernama Victorious Saut Hamonangan selaku Direktur Rehabilitasi Sosial Korban Napza. Dia mengaku me\xe2\x80\xa6',1394222543272255489,lukmanihsan,73,Twitter for Android,1,[]
2021-05-17 09:25:16,b'Komisi III DPR Ingin Korupsi Bansos Siak Segera Ada Tersangka - https://t.co/VLWVvIbwlc Via Beritahu Siak  https://t.co/9aRQq2plxh',1394222478734630914,aritrijunianto,0,IFTTT,0,[]
2021-05-17 09:24:06,b'RT @zarazettirazr: Pejabat Kemensos itu bernama Victorious Saut Hamonangan selaku Direktur Rehabilitasi Sosial Korban Napza. Dia mengaku me\xe2\x80\xa6',1394222183132524546,mustangidahumi1,73,Twitter for Android,1,[]
2021-05-17 09:23:01,b'RT @zarazettirazr: Pejabat Kemensos itu bernama Victorious Saut Hamonangan selaku Direktur Rehabilitasi Sosial Korban Napza. Dia mengaku me\xe2\x80\xa6',1394221910246846467,imron_als0,73,Twitter for Android,1,[]
2021-05-17 09:21:56,"b'RT @haikal_hassan: Pegawai KPK yg sedang tangani Harun Masiku, korupsi Bansos, yg menyeret 2 menteri dikabinet koalisi ini TIDAK LULUS wawa\xe2\x80\xa6'",1394221638795677699,Rozi17136983,430,Twitter Web App,1,[]
2021-05-17 09:19:32,b'RT @zarazettirazr: Pejabat Kemensos itu bernama Victorious Saut Hamonangan selaku Direktur Rehabilitasi Sosial Korban Napza. Dia mengaku me\xe2\x80\xa6',1394221035063451648,baliqnerek,73,Twitter for Android,1,[]
2021-05-17 09:19:22,b'RT @zarazettirazr: Pejabat Kemensos itu bernama Victorious Saut Hamonangan selaku Direktur Rehabilitasi Sosial Korban Napza. Dia mengaku me\xe2\x80\xa6',1394220992264765441,viskaya,73,Twitter Web App,1,[]
2021-05-17 09:18:56,b'RT @zarazettirazr: Pejabat Kemensos itu bernama Victorious Saut Hamonangan selaku Direktur Rehabilitasi Sosial Korban Napza. Dia mengaku me\xe2\x80\xa6',1394220882445312003,AnisHudaya,73,Twitter for Android,1,[]
2021-05-17 09:18:39,"b'RT @Julie_An4: Puji TUHAN akhirnya masyarakat Indonesia sudah tidak membutuhkan \nBansos, BPJS dll , terbukti warga +62 kaya2 \xf0\x9f\x91\x87 https://t.co\xe2\x80\xa6'",1394220813520302080,AdiKarim3,6,Twitter for Android,1,[]
2021-05-17 09:18:35,b'RT @zarazettirazr: Pejabat Kemensos itu bernama Victorious Saut Hamonangan selaku Direktur Rehabilitasi Sosial Korban Napza. Dia mengaku me\xe2\x80\xa6',1394220793261740033,mnsurbakti,73,Twitter for Android,1,[]
2021-05-17 09:18:06,b'RT @zarazettirazr: Pejabat Kemensos itu bernama Victorious Saut Hamonangan selaku Direktur Rehabilitasi Sosial Korban Napza. Dia mengaku me\xe2\x80\xa6',1394220674437185539,deus_xmchn,73,Twitter for Android,1,[]
2021-05-17 09:18:03,b'RT @zarazettirazr: Pejabat Kemensos itu bernama Victorious Saut Hamonangan selaku Direktur Rehabilitasi Sosial Korban Napza. Dia mengaku me\xe2\x80\xa6',1394220660889513985,anto1251,73,Twitter for Android,1,[]
2021-05-17 09:15:56,b'RT @zarazettirazr: Pejabat Kemensos itu bernama Victorious Saut Hamonangan selaku Direktur Rehabilitasi Sosial Korban Napza. Dia mengaku me\xe2\x80\xa6',1394220128913428481,FanraJoy,73,Twitter for Android,1,[]
2021-05-17 09:15:12,b'RT @zarazettirazr: Pejabat Kemensos itu bernama Victorious Saut Hamonangan selaku Direktur Rehabilitasi Sosial Korban Napza. Dia mengaku me\xe2\x80\xa6',1394219944959565825,PAS17APRIL,73,Twitter for Android,1,[]
2021-05-17 09:15:02,"b'RT @NS_Indah79: Lewat New Data Terpadu Kesejahteraan Sosial (DTKS), Masyarakat Bisa Daftar Terima Bansos dan Melaporkan\n\nJika masyarakat me\xe2\x80\xa6'",1394219900025987074,YULITAS4121,9,Twitter for Android,1,[]
2021-05-17 09:14:58,b'RT @M3juahjuah: Menteri Sosial Tri Rismaharini informasikan lewat new data terpadu kesejahteraan sosial (DTKS) masyarakat akan bisa daftar\xe2\x80\xa6',1394219886528761860,YULITAS4121,0,Twitter for Android,1,[]
2021-05-17 09:14:54,b'RT @zarazettirazr: Pejabat Kemensos itu bernama Victorious Saut Hamonangan selaku Direktur Rehabilitasi Sosial Korban Napza. Dia mengaku me\xe2\x80\xa6',1394219865951539210,muhamaddaudabd3,73,Twitter for Android,1,[]
2021-05-17 09:14:45,b'RT @zarazettirazr: Pejabat Kemensos itu bernama Victorious Saut Hamonangan selaku Direktur Rehabilitasi Sosial Korban Napza. Dia mengaku me\xe2\x80\xa6',1394219830891274241,Maswiro3,73,Twitter for Android,1,[]
2021-05-17 09:14:18,b'RT @zarazettirazr: Pejabat Kemensos itu bernama Victorious Saut Hamonangan selaku Direktur Rehabilitasi Sosial Korban Napza. Dia mengaku me\xe2\x80\xa6',1394219718085537794,Aryaadi67273603,73,Twitter for Android,1,[]
2021-05-17 09:14:07,b'RT @zarazettirazr: Pejabat Kemensos itu bernama Victorious Saut Hamonangan selaku Direktur Rehabilitasi Sosial Korban Napza. Dia mengaku me\xe2\x80\xa6',1394219672296329224,GooseAlfa,73,Twitter for Android,1,[]
2021-05-17 09:13:40,b'RT @zarazettirazr: Pejabat Kemensos itu bernama Victorious Saut Hamonangan selaku Direktur Rehabilitasi Sosial Korban Napza. Dia mengaku me\xe2\x80\xa6',1394219556684529665,adi_mbee,73,Twitter for Android,1,[]
2021-05-17 09:11:36,b'RT @zarazettirazr: Pejabat Kemensos itu bernama Victorious Saut Hamonangan selaku Direktur Rehabilitasi Sosial Korban Napza. Dia mengaku me\xe2\x80\xa6',1394219037878484993,Draprayogi,73,Twitter for Android,1,[]
2021-05-17 09:10:09,b'RT @zarazettirazr: Pejabat Kemensos itu bernama Victorious Saut Hamonangan selaku Direktur Rehabilitasi Sosial Korban Napza. Dia mengaku me\xe2\x80\xa6',1394218671124353026,Thanmust,73,Twitter for iPhone,1,[]
2021-05-17 09:10:05,b'RT @zarazettirazr: Pejabat Kemensos itu bernama Victorious Saut Hamonangan selaku Direktur Rehabilitasi Sosial Korban Napza. Dia mengaku me\xe2\x80\xa6',1394218656347746304,MasAyravi,73,Twitter for Android,1,[]
2021-05-17 09:07:58,b'RT @zarazettirazr: Pejabat Kemensos itu bernama Victorious Saut Hamonangan selaku Direktur Rehabilitasi Sosial Korban Napza. Dia mengaku me\xe2\x80\xa6',1394218124002562049,assyarkhan,73,Twitter for Android,1,[]
2021-05-17 09:07:42,"b'gak apa apalah, yang penting gak korupsi bansos https://t.co/PBjWOzn7KV'",1394218054481965059,mush4r,0,Twitter Web App,0,[]
2021-05-17 09:06:48,b'RT @zarazettirazr: Pejabat Kemensos itu bernama Victorious Saut Hamonangan selaku Direktur Rehabilitasi Sosial Korban Napza. Dia mengaku me\xe2\x80\xa6',1394217831286276098,ghaidana3,73,Twitter for Android,1,[]
2021-05-17 09:05:55,b'@untukrakyat_ naon a bansos wkwk',1394217608497434628,maleshdahgua,0,Twitter for Android,0,[]
2021-05-17 09:04:06,b'RT @zarazettirazr: Pejabat Kemensos itu bernama Victorious Saut Hamonangan selaku Direktur Rehabilitasi Sosial Korban Napza. Dia mengaku me\xe2\x80\xa6',1394217149174992899,Muhammad_Hudan,73,Twitter for Android,1,[]
2021-05-17 09:03:24,b'RT @zarazettirazr: Pejabat Kemensos itu bernama Victorious Saut Hamonangan selaku Direktur Rehabilitasi Sosial Korban Napza. Dia mengaku me\xe2\x80\xa6',1394216974419255301,LNoorainy,73,Twitter for Android,1,[]
2021-05-17 09:03:08,b'RT @zarazettirazr: Pejabat Kemensos itu bernama Victorious Saut Hamonangan selaku Direktur Rehabilitasi Sosial Korban Napza. Dia mengaku me\xe2\x80\xa6',1394216908044455936,AsepHid98075455,73,Twitter for Android,1,[]
2021-05-17 09:02:31,b'RT @zarazettirazr: Pejabat Kemensos itu bernama Victorious Saut Hamonangan selaku Direktur Rehabilitasi Sosial Korban Napza. Dia mengaku me\xe2\x80\xa6',1394216753421447170,Madridista_zack,73,Twitter for iPhone,1,[]
2021-05-17 09:02:30,b'RT @zarazettirazr: Pejabat Kemensos itu bernama Victorious Saut Hamonangan selaku Direktur Rehabilitasi Sosial Korban Napza. Dia mengaku me\xe2\x80\xa6',1394216745963909120,nurdahayat12,73,Twitter for Android,1,[]
2021-05-17 09:02:10,"b'RT @RadioElshinta: Saksi ke 2 kasus Korupsi Bansos Covid 19 dengan terdakwa mantan Mentri Sosial, Juliari P. Batubara, didengarkan keterang\xe2\x80\xa6'",1394216661964656641,dedimahardi,3,Twitter for Android,1,[]
2021-05-17 09:02:08,b'RT @zarazettirazr: Pejabat Kemensos itu bernama Victorious Saut Hamonangan selaku Direktur Rehabilitasi Sosial Korban Napza. Dia mengaku me\xe2\x80\xa6',1394216653911564297,syahrialfad,73,Twitter for Android,1,[]
2021-05-17 09:01:58,b'RT @zarazettirazr: Pejabat Kemensos itu bernama Victorious Saut Hamonangan selaku Direktur Rehabilitasi Sosial Korban Napza. Dia mengaku me\xe2\x80\xa6',1394216614715748358,Hendrosakti2,73,Twitter for Android,1,[]
2021-05-17 09:01:47,b'RT @zarazettirazr: Pejabat Kemensos itu bernama Victorious Saut Hamonangan selaku Direktur Rehabilitasi Sosial Korban Napza. Dia mengaku me\xe2\x80\xa6',1394216564862246919,nzyrw,73,Twitter for Android,1,[]
2021-05-17 09:01:45,b'RT @akun__recehan: @Julie_An4 +62 rakyatnya kaya\nDinasi udah terkumpul\nMilyaran\nIni baru satu\n\nBansos apa itu bansos\n\xf0\x9f\x98\x96\xf0\x9f\x98\x96\xf0\x9f\x98\x96 https://t.co/03RYr\xe2\x80\xa6',1394216560311427079,SUMINTA75437379,2,Twitter Web App,1,[]
2021-05-17 09:01:36,b'RT @zarazettirazr: Pejabat Kemensos itu bernama Victorious Saut Hamonangan selaku Direktur Rehabilitasi Sosial Korban Napza. Dia mengaku me\xe2\x80\xa6',1394216522642444291,zidan2002,73,Twitter for Android,1,[]
2021-05-17 09:01:32,"b'RT @Julie_An4: Puji TUHAN akhirnya masyarakat Indonesia sudah tidak membutuhkan \nBansos, BPJS dll , terbukti warga +62 kaya2 \xf0\x9f\x91\x87 https://t.co\xe2\x80\xa6'",1394216504707620866,SUMINTA75437379,6,Twitter Web App,1,[]
2021-05-17 09:01:00,b'RT @PresidenKopi: Assalamualaikum @KPK_RI minal Aidin walfaidzin \xf0\x9f\x99\x8f. selamat bekerja. Dan jangn lupa istighfar ya. Semoga kasus2.\nAsabri \nJi\xe2\x80\xa6',1394216368153661443,SIR_Pribadi,14,Twitter for Android,1,[]
2021-05-17 09:00:51,b'RT @zarazettirazr: Pejabat Kemensos itu bernama Victorious Saut Hamonangan selaku Direktur Rehabilitasi Sosial Korban Napza. Dia mengaku me\xe2\x80\xa6',1394216332846014472,eddy_eedkit,73,Twitter for Android,1,[]
2021-05-17 09:00:09,b'RT @zarazettirazr: Pejabat Kemensos itu bernama Victorious Saut Hamonangan selaku Direktur Rehabilitasi Sosial Korban Napza. Dia mengaku me\xe2\x80\xa6',1394216155242323969,MHafiez25,73,Twitter for Android,1,[]
2021-05-17 08:59:57,"b'@TofaTofa_id @aniesbaswedan @ArizaPatria @DKIJakarta setiap tka datang. muncul lagi permasalahan baru, apa kabar kasus bansos,asabri, jiwasraya dan bpjs ketenagakerjaan..? progresnyasampai dimana penanganannya kasus korupsi tsb..??'",1394216107012026370,kembargroup,0,Twitter for Android,0,[]
2021-05-17 08:59:36,b'RT @dipoalam49: \xf0\x9f\x91\x87Ini Berita Juli 2020..cek apa israel punya kpk? kuat kpknya? kpknya dilemahkan olh TWK (tes wawasan kebangsaan)? bansos co\xe2\x80\xa6',1394216018554228738,hdsambodo,17,Twitter for Android,1,[]
2021-05-17 08:57:26,b'RT @RicKY_KCh: Penyidik KPK kini terbelah antara kelompok pendukung pengusutan tuntas korupsi dana bansos dan yang tidak. Kelompok pendukun\xe2\x80\xa6',1394215473470840833,dey_mamanya2dha,59,Twitter Web App,1,[]
2021-05-17 08:57:21,"b'@akun__recehan Bansos udah gak penting lagi, yg penting rakyat Palestina di cukupi oleh pemerintah dan warga +62'",1394215449236152321,Julie_An4,0,Twitter for Android,0,[]
2021-05-17 08:57:06,b'#Jaksa Ungkap Rencana Vendor Bansos Corona Beri Fee Sebelum OTT KPK - detikNews #Corona #Korona',1394215390327320576,Berita_Corona,0,IFTTT,0,"['Jaksa', 'Corona', 'Korona']"
2021-05-17 08:56:43,b'RT @akun__recehan: @Julie_An4 +62 rakyatnya kaya\nDinasi udah terkumpul\nMilyaran\nIni baru satu\n\nBansos apa itu bansos\n\xf0\x9f\x98\x96\xf0\x9f\x98\x96\xf0\x9f\x98\x96 https://t.co/03RYr\xe2\x80\xa6',1394215291140280321,Julie_An4,2,Twitter for Android,1,[]
2021-05-17 08:55:53,b'RT @zarazettirazr: Pejabat Kemensos itu bernama Victorious Saut Hamonangan selaku Direktur Rehabilitasi Sosial Korban Napza. Dia mengaku me\xe2\x80\xa6',1394215084222676997,eko_Widiyanto12,73,Twitter for Android,1,[]
2021-05-17 08:55:46,b'RT @zarazettirazr: Pejabat Kemensos itu bernama Victorious Saut Hamonangan selaku Direktur Rehabilitasi Sosial Korban Napza. Dia mengaku me\xe2\x80\xa6',1394215053398708227,SyabillalS,73,Twitter for Android,1,[]
2021-05-17 08:55:19,b'RT @zarazettirazr: Pejabat Kemensos itu bernama Victorious Saut Hamonangan selaku Direktur Rehabilitasi Sosial Korban Napza. Dia mengaku me\xe2\x80\xa6',1394214938143383553,raihana_wiwieal,73,Twitter for Android,1,[]
2021-05-17 08:54:25,"b'RT @Julie_An4: Puji TUHAN akhirnya masyarakat Indonesia sudah tidak membutuhkan \nBansos, BPJS dll , terbukti warga +62 kaya2 \xf0\x9f\x91\x87 https://t.co\xe2\x80\xa6'",1394214713362305025,WajahPribumiii,6,Twitter for Android,1,[]
2021-05-17 08:53:12,"b'https://t.co/tVUYhiAtpi\n\xe2\x80\x9cinilah perhatian saya kepada masyarakat walaupun hari libur tapi demi rakyat Popayato Barat, Popayato Timur, saya datang kesini,\xe2\x80\x9d ucapnya.'",1394214406976729095,mediabppg,0,Twitter for Android,0,[]
2021-05-17 08:53:05,b'RT @zarazettirazr: Pejabat Kemensos itu bernama Victorious Saut Hamonangan selaku Direktur Rehabilitasi Sosial Korban Napza. Dia mengaku me\xe2\x80\xa6',1394214376022835204,HarahapNapurpur,73,Twitter for Android,1,[]
2021-05-17 08:52:41,b'RT @zarazettirazr: Pejabat Kemensos itu bernama Victorious Saut Hamonangan selaku Direktur Rehabilitasi Sosial Korban Napza. Dia mengaku me\xe2\x80\xa6',1394214277251158018,pelaritangguh,73,Twitter Web App,1,[]
2021-05-17 08:52:26,b'RT @zarazettirazr: Pejabat Kemensos itu bernama Victorious Saut Hamonangan selaku Direktur Rehabilitasi Sosial Korban Napza. Dia mengaku me\xe2\x80\xa6',1394214212079996934,4ndikris,73,Twitter for Android,1,[]
2021-05-17 08:52:19,b'RT @zarazettirazr: Pejabat Kemensos itu bernama Victorious Saut Hamonangan selaku Direktur Rehabilitasi Sosial Korban Napza. Dia mengaku me\xe2\x80\xa6',1394214185022541830,Ilman61249693,73,Twitter for Android,1,[]
2021-05-17 08:52:02,b'RT @zarazettirazr: Pejabat Kemensos itu bernama Victorious Saut Hamonangan selaku Direktur Rehabilitasi Sosial Korban Napza. Dia mengaku me\xe2\x80\xa6',1394214112318541828,zanggutmera,73,Twitter for Android,1,[]
2021-05-17 08:51:56,b'RT @zarazettirazr: Pejabat Kemensos itu bernama Victorious Saut Hamonangan selaku Direktur Rehabilitasi Sosial Korban Napza. Dia mengaku me\xe2\x80\xa6',1394214086024466433,mfauzirizal82,73,Twitter for Android,1,[]
2021-05-17 08:51:54,b'RT @zarazettirazr: Pejabat Kemensos itu bernama Victorious Saut Hamonangan selaku Direktur Rehabilitasi Sosial Korban Napza. Dia mengaku me\xe2\x80\xa6',1394214079946903556,BundaJoraAnya,73,Twitter for Android,1,[]
2021-05-17 08:51:46,b'RT @zarazettirazr: Pejabat Kemensos itu bernama Victorious Saut Hamonangan selaku Direktur Rehabilitasi Sosial Korban Napza. Dia mengaku me\xe2\x80\xa6',1394214046753198080,Alvin_BKT,73,Twitter for Android,1,[]
2021-05-17 08:51:44,"b'RT @Julie_An4: Puji TUHAN akhirnya masyarakat Indonesia sudah tidak membutuhkan \nBansos, BPJS dll , terbukti warga +62 kaya2 \xf0\x9f\x91\x87 https://t.co\xe2\x80\xa6'",1394214036183523331,akun__recehan,6,Twitter for Android,1,[]
2021-05-17 08:51:43,b'@Julie_An4 +62 rakyatnya kaya\nDinasi udah terkumpul\nMilyaran\nIni baru satu\n\nBansos apa itu bansos\n\xf0\x9f\x98\x96\xf0\x9f\x98\x96\xf0\x9f\x98\x96 https://t.co/03RYrBnapa',1394214035327913986,akun__recehan,2,Twitter for Android,0,[]
2021-05-17 08:51:23,b'RT @zarazettirazr: Pejabat Kemensos itu bernama Victorious Saut Hamonangan selaku Direktur Rehabilitasi Sosial Korban Napza. Dia mengaku me\xe2\x80\xa6',1394213949898469377,YossyHendry,73,Twitter for Android,1,[]
2021-05-17 08:51:19,b'RT @zarazettirazr: Pejabat Kemensos itu bernama Victorious Saut Hamonangan selaku Direktur Rehabilitasi Sosial Korban Napza. Dia mengaku me\xe2\x80\xa6',1394213934802956293,dey_mamanya2dha,73,Twitter Web App,1,[]
2021-05-17 08:51:01,b'RT @zarazettirazr: Pejabat Kemensos itu bernama Victorious Saut Hamonangan selaku Direktur Rehabilitasi Sosial Korban Napza. Dia mengaku me\xe2\x80\xa6',1394213857179049994,Santo_Amora,73,Twitter Web App,1,[]
2021-05-17 08:50:35,b'RT @zarazettirazr: Pejabat Kemensos itu bernama Victorious Saut Hamonangan selaku Direktur Rehabilitasi Sosial Korban Napza. Dia mengaku me\xe2\x80\xa6',1394213748773060609,Dadan92556124,73,Twitter for Android,1,[]
2021-05-17 08:50:18,"b'@zarazettirazr bukan datan bansosnya aja yg dihapus, penyidik yg lagi naganin kasus bansos juga lagi mau di hapus dari kpk'",1394213675121086465,tonyAJ90616729,0,Twitter Web App,0,[]
2021-05-17 08:49:54,b'RT @zarazettirazr: Pejabat Kemensos itu bernama Victorious Saut Hamonangan selaku Direktur Rehabilitasi Sosial Korban Napza. Dia mengaku me\xe2\x80\xa6',1394213574768152578,NotADimitrescu,73,Twitter for Android,1,[]
2021-05-17 08:49:52,b'RT @Bicaralahdotcom: https://t.co/Pk75exd7nS\n\nKalau melihat tayangan ini..tampaknya menarik ya..kita jd berfikir Pejabat kok masih kalah ed\xe2\x80\xa6',1394213567029645315,thilmanj,9,Twitter Web App,1,[]
2021-05-17 08:49:17,b'RT @zarazettirazr: Pejabat Kemensos itu bernama Victorious Saut Hamonangan selaku Direktur Rehabilitasi Sosial Korban Napza. Dia mengaku me\xe2\x80\xa6',1394213422561071104,LaraNamaku,73,Twitter for Android,1,[]
2021-05-17 08:48:56,b'RT @zarazettirazr: Pejabat Kemensos itu bernama Victorious Saut Hamonangan selaku Direktur Rehabilitasi Sosial Korban Napza. Dia mengaku me\xe2\x80\xa6',1394213333314670595,DevinRmd,73,Twitter for Android,1,[]
2021-05-17 08:48:51,b'RT @zarazettirazr: Pejabat Kemensos itu bernama Victorious Saut Hamonangan selaku Direktur Rehabilitasi Sosial Korban Napza. Dia mengaku me\xe2\x80\xa6',1394213312603115520,gooyudi,73,Twitter for iPhone,1,[]
2021-05-17 08:48:35,b'RT @zarazettirazr: Pejabat Kemensos itu bernama Victorious Saut Hamonangan selaku Direktur Rehabilitasi Sosial Korban Napza. Dia mengaku me\xe2\x80\xa6',1394213244739342337,gatse8,73,Twitter for Android,1,[]
2021-05-17 08:48:05,b'RT @zarazettirazr: Pejabat Kemensos itu bernama Victorious Saut Hamonangan selaku Direktur Rehabilitasi Sosial Korban Napza. Dia mengaku me\xe2\x80\xa6',1394213118968881154,tonyAJ90616729,73,Twitter Web App,1,[]
2021-05-17 08:47:10,b'Pejabat Kemensos itu bernama Victorious Saut Hamonangan selaku Direktur Rehabilitasi Sosial Korban Napza. Dia mengaku memerintahkan seorang staf bernama Yahya untuk menghapus data terkait bantuan sosial (bansos)\nBaca deh alasan ngelesnya lucuk \xf0\x9f\x91\x87\xf0\x9f\x8f\xbc\xf0\x9f\x91\x87\xf0\x9f\x8f\xbc\xf0\x9f\x91\x87\xf0\x9f\x8f\xbc https://t.co/gcfOCbyKhK',1394212886457716739,zarazettirazr,73,Twitter for iPad,0,[]
2021-05-17 08:33:50,"b'#Lepas Kader Pendataan Keluarga, Plh. Sekda: Bukan Pendataan Program Bagi-bagi Bansos - SUARA INDONESIA https://t.co/JBKlgIre59 #kamus #kbbi #bahasa'",1394209532411265027,kamuskbbi,0,IFTTT,0,"['Lepas', 'kamus', 'kbbi', 'bahasa']"
2021-05-17 08:32:42,b'@ijaehyu @mutualanbase Panitia bansos bang?',1394209246158327815,soavmi,0,Twitter for Android,0,[]
2021-05-17 08:29:26,"b'@republikaonline "" plg memungkinkan kirim bansos dan do,a serta penggalangan dana...\xf0\x9f\x99\x8f'",1394208425307893765,HasanNurUbaidi1,0,Twitter for Android,0,[]
2021-05-17 08:27:58,b'RT @yulitasaarii___: Kemensos melalui 2 fitur baru yaitu \xe2\x80\x9cusulan &amp; sanggahan\xe2\x80\x9dmemberikan akses kpd masyarakat utk mendaftarkan diri sbg pene\xe2\x80\xa6',1394208056129429504,PutriTsania6,12,Twitter Web App,1,[]
2021-05-17 08:26:12,b'@tankkas @wr_nabila @RieGucciano Ya allah sedih bnget itu daerah mna yg bnyk tidk makn..cc in mas datanya ke kemntrian sosial...miris memng saat dana bansos buat rakyat yg lagi kesusahn eh malh di korupsi gk ada ahlak..',1394207613408006150,waN_K07,0,Twitter for Android,0,[]
2021-05-17 08:25:59,b'RT @yulitasaarii___: Kemensos melalui 2 fitur baru yaitu \xe2\x80\x9cusulan &amp; sanggahan\xe2\x80\x9dmemberikan akses kpd masyarakat utk mendaftarkan diri sbg pene\xe2\x80\xa6',1394207555560239104,YULITAS4121,12,Twitter for Android,1,[]
2021-05-17 08:25:20,b'RT @yulitasaarii___: Kemensos melalui 2 fitur baru yaitu \xe2\x80\x9cusulan &amp; sanggahan\xe2\x80\x9dmemberikan akses kpd masyarakat utk mendaftarkan diri sbg pene\xe2\x80\xa6',1394207392598876163,RazidanAnanda,12,Twitter for Android,1,[]
2021-05-17 08:25:06,b'RT @RicKY_KCh: Penyidik KPK kini terbelah antara kelompok pendukung pengusutan tuntas korupsi dana bansos dan yang tidak. Kelompok pendukun\xe2\x80\xa6',1394207333245497344,suryobumi,59,Twitter for Android,1,[]
2021-05-17 08:24:09,"b'@H_Safardan_ Kami mendukung bansos untuk rakyat kecil, semoga tidak ada korupsi'",1394207095990325251,BocahPati9,0,Twitter for Android,0,[]
2021-05-17 08:24:06,b'@hamaro_id @Dennysiregar7 @jokowi Aa tempo hr soal bansos DKI isinya pernah diboongin siapa ya? \xf0\x9f\x98\x9c',1394207083608764416,KurniawanYenny,0,Twitter for Android,0,[]
2021-05-17 08:23:31,"b'RT @Julie_An4: Puji TUHAN akhirnya masyarakat Indonesia sudah tidak membutuhkan \nBansos, BPJS dll , terbukti warga +62 kaya2 \xf0\x9f\x91\x87 https://t.co\xe2\x80\xa6'",1394206936195735553,INA_NKRI,6,Twitter for iPad,1,[]
2021-05-17 08:23:16,b'RT @Bicaralahdotcom: https://t.co/Pk75exd7nS\n\nKalau melihat tayangan ini..tampaknya menarik ya..kita jd berfikir Pejabat kok masih kalah ed\xe2\x80\xa6',1394206873742495744,moan_pembebasan,9,Twitter Web App,1,[]
2021-05-17 08:23:15,b'@VictorF12142020 @Dennysiregar7 @cokro_tv Iya jahat seperti mereka yg begal dana bansos \xf0\x9f\x99\x88',1394206869695000577,radja_brewok,0,Twitter for Android,0,[]
2021-05-17 08:22:08,b'RT @komikkitatweet: masih ngarep Bansos aja kok ngumpulin donasi \xf0\x9f\x98\x82\xf0\x9f\x98\x82 mikirrr https://t.co/jtMmq58QaQ',1394206588987052034,Kimansu3,14,Twitter for Android,1,[]
2021-05-17 08:21:31,b'RT @yulitasaarii___: Kemensos melalui 2 fitur baru yaitu \xe2\x80\x9cusulan &amp; sanggahan\xe2\x80\x9dmemberikan akses kpd masyarakat utk mendaftarkan diri sbg pene\xe2\x80\xa6',1394206435207127041,WulandariSuhai1,12,Twitter for iPhone,1,[]
2021-05-17 08:20:53,b'RT @yulitasaarii___: Kemensos melalui 2 fitur baru yaitu \xe2\x80\x9cusulan &amp; sanggahan\xe2\x80\x9dmemberikan akses kpd masyarakat utk mendaftarkan diri sbg pene\xe2\x80\xa6',1394206274443612162,DindaBe01492591,12,Twitter for iPhone,1,[]
2021-05-17 08:20:21,b'RT @yulitasaarii___: Kemensos melalui 2 fitur baru yaitu \xe2\x80\x9cusulan &amp; sanggahan\xe2\x80\x9dmemberikan akses kpd masyarakat utk mendaftarkan diri sbg pene\xe2\x80\xa6',1394206139525451776,DevinaM39921864,12,Twitter for iPhone,1,[]
2021-05-17 08:19:45,b'RT @yulitasaarii___: Kemensos melalui 2 fitur baru yaitu \xe2\x80\x9cusulan &amp; sanggahan\xe2\x80\x9dmemberikan akses kpd masyarakat utk mendaftarkan diri sbg pene\xe2\x80\xa6',1394205989914611715,YuraAprilia,12,Twitter for iPhone,1,[]
2021-05-17 08:19:09,b'RT @yulitasaarii___: Kemensos melalui 2 fitur baru yaitu \xe2\x80\x9cusulan &amp; sanggahan\xe2\x80\x9dmemberikan akses kpd masyarakat utk mendaftarkan diri sbg pene\xe2\x80\xa6',1394205838609313792,NiaPutriCantik1,12,Twitter for iPhone,1,[]
2021-05-17 08:18:21,b'RT @yulitasaarii___: Kemensos melalui 2 fitur baru yaitu \xe2\x80\x9cusulan &amp; sanggahan\xe2\x80\x9dmemberikan akses kpd masyarakat utk mendaftarkan diri sbg pene\xe2\x80\xa6',1394205636515164167,melanidewining,12,Twitter for iPhone,1,[]
2021-05-17 08:18:08,b'RT @yulitasaarii___: Kemensos melalui 2 fitur baru yaitu \xe2\x80\x9cusulan &amp; sanggahan\xe2\x80\x9dmemberikan akses kpd masyarakat utk mendaftarkan diri sbg pene\xe2\x80\xa6',1394205582249234442,W_1LL1AM,12,Twitter Web App,1,[]
2021-05-17 08:17:46,b'RT @yulitasaarii___: Kemensos melalui 2 fitur baru yaitu \xe2\x80\x9cusulan &amp; sanggahan\xe2\x80\x9dmemberikan akses kpd masyarakat utk mendaftarkan diri sbg pene\xe2\x80\xa6',1394205488405893121,NilawatiVerlian,12,Twitter for iPhone,1,[]
2021-05-17 08:17:11,b'RT @yulitasaarii___: Kemensos melalui 2 fitur baru yaitu \xe2\x80\x9cusulan &amp; sanggahan\xe2\x80\x9dmemberikan akses kpd masyarakat utk mendaftarkan diri sbg pene\xe2\x80\xa6',1394205343610146821,SilviWidya18,12,Twitter for iPhone,1,[]
2021-05-17 08:16:36,"b'Kemensos melalui 2 fitur baru yaitu \xe2\x80\x9cusulan &amp; sanggahan\xe2\x80\x9dmemberikan akses kpd masyarakat utk mendaftarkan diri sbg penerima bansos\n\nLwat fitur baru itu, masyarakat jg dpt melaporkan apabila trdapat penerima bansos yg tdk layak mendapat bantuan\n\nJokowi Gas Pol Reformasi Birokrasi https://t.co/LQgMb8bSzk'",1394205196704649217,yulitasaarii___,12,Twitter for iPhone,0,[]
2021-05-17 08:15:28,b'RT @RicKY_KCh: Penyidik KPK kini terbelah antara kelompok pendukung pengusutan tuntas korupsi dana bansos dan yang tidak. Kelompok pendukun\xe2\x80\xa6',1394204912800571392,edy_siregar_77,59,Twitter for Android,1,[]
2021-05-17 08:14:41,b'RT @gadisresidu_b3: masih ngarep Bansos aja kok ngumpulin donasi \xf0\x9f\x98\x82\xf0\x9f\x98\x82 mikirrr\n#Komikita https://t.co/2SpdUVQPff',1394204711906004992,TeppodAmb,1,Twitter for Android,1,['Komikita']
2021-05-17 08:12:59,b'@kucepthisworld Bansos sekalian',1394204285022314498,keburuutelat,0,Twitter for iPhone,0,[]
2021-05-17 08:12:26,"b'RT @Julie_An4: Puji TUHAN akhirnya masyarakat Indonesia sudah tidak membutuhkan \nBansos, BPJS dll , terbukti warga +62 kaya2 \xf0\x9f\x91\x87 https://t.co\xe2\x80\xa6'",1394204146538930179,JudahLion888,6,Twitter for Android,1,[]
2021-05-17 08:10:21,"b'Puji TUHAN akhirnya masyarakat Indonesia sudah tidak membutuhkan \nBansos, BPJS dll , terbukti warga +62 kaya2 \xf0\x9f\x91\x87 https://t.co/6kns1jCRcp'",1394203622880137217,Julie_An4,6,Twitter for Android,0,[]
2021-05-17 08:09:02,"b'RT @RadioElshinta: Saksi ke 2 kasus Korupsi Bansos Covid 19 dengan terdakwa mantan Mentri Sosial, Juliari P. Batubara, didengarkan keterang\xe2\x80\xa6'",1394203293862137857,YUSKAPITYAJI,3,Twitter for Android,1,[]
2021-05-17 08:08:54,"b'Saksi ke 2 kasus Korupsi Bansos Covid 19 dengan terdakwa mantan Mentri Sosial, Juliari P. Batubara, didengarkan keterangannya dihadapan Majelis Hakim, JPU, dan Kuasa Hukum terdakwa, (17/5). \xf0\x9f\x93\xb8Mes https://t.co/xOGIMCMZNo'",1394203256595775489,RadioElshinta,3,TweetDeck,0,[]
2021-05-17 07:55:59,"b'RT @haikal_hassan: Pegawai KPK yg sedang tangani Harun Masiku, korupsi Bansos, yg menyeret 2 menteri dikabinet koalisi ini TIDAK LULUS wawa\xe2\x80\xa6'",1394200006320484357,kalitra_arman,430,Twitter for Android,1,[]
2021-05-17 07:54:20,"b'RT @BaunkH: @TofaTofa_id @aniesbaswedan @ArizaPatria @DKIJakarta biasanye klo kek bgitu program kementrian agama,, bs jd tanpa harus izin g\xe2\x80\xa6'",1394199591688474629,SriAriawaty,2,Twitter Web App,1,[]
2021-05-17 07:51:06,b'Meh klambi partai ta bansos ta erigo lak attitude mu apik aku respect',1394198778261901316,Galangks_,0,Twitter for Android,0,[]
2021-05-17 07:48:53,b'#Sidang Kasus Suap Bansos Covid-19: Hakim Cecar Saksi Soal Rapat yang Dihadiri Juliari Batubara - https://t.co/1hFRey6UPt #Covid #Covid19 https://t.co/0Fv1DuKVfi',1394198220708929536,beritacovid,0,IFTTT,0,"['Sidang', 'Covid', 'Covid19']"
2021-05-17 07:47:47,b'RT @RicKY_KCh: Penyidik KPK kini terbelah antara kelompok pendukung pengusutan tuntas korupsi dana bansos dan yang tidak. Kelompok pendukun\xe2\x80\xa6',1394197944631382018,maju_ahmad,59,Twitter for Android,1,[]
2021-05-17 07:44:53,b'RT @RicKY_KCh: Penyidik KPK kini terbelah antara kelompok pendukung pengusutan tuntas korupsi dana bansos dan yang tidak. Kelompok pendukun\xe2\x80\xa6',1394197213006336001,cuantastix,59,Twitter for Android,1,[]
2021-05-17 07:43:35,"b'RT @lampostco: Pemkot Bandar Lampung akan membantu keluarga M. Alfansyah Shakeel (4) bocah yang hanyut, pada drainase di dekat pasar Tugu,\xe2\x80\xa6'",1394196888979611655,lskaandr,1,Twitter for Android,1,[]
2021-05-17 07:43:20,b'RT @RicKY_KCh: Penyidik KPK kini terbelah antara kelompok pendukung pengusutan tuntas korupsi dana bansos dan yang tidak. Kelompok pendukun\xe2\x80\xa6',1394196826283151362,Elismawati16,59,Twitter for iPhone,1,[]
2021-05-17 07:41:25,"b'Pemkot Bandar Lampung akan membantu keluarga M. Alfansyah Shakeel (4) bocah yang hanyut, pada drainase di dekat pasar Tugu, Gang Bukit I, Kelurahan Kebon Jeruk, Kecamatan Tanjungkarang Timur.\n#hanyut #bocah #bansos #lampung #lampostco\nhttps://t.co/Ng2qgUexQt'",1394196341622939654,lampostco,1,Twitter Web App,0,"['hanyut', 'bocah', 'bansos', 'lampung', 'lampostco']"
2021-05-17 07:38:10,"b'bosen anjir 3 hari isi cc pansos2 bulu, bansos kek'",1394195523859406848,escampu,0,Twitter Web App,0,[]
2021-05-17 07:38:05,b'RT @RicKY_KCh: Penyidik KPK kini terbelah antara kelompok pendukung pengusutan tuntas korupsi dana bansos dan yang tidak. Kelompok pendukun\xe2\x80\xa6',1394195503743586311,tland_88,59,Twitter for Android,1,[]
2021-05-17 07:37:49,b'@catatankakihati @elkrova Kan mau beli pake duit bansos juga dikorup gerombolan cebong yahudi pesek...mknya cebong yahudi pesek th 2024 wajib dibinasakan semua...sampah pengkhianat nkri ..',1394195433983938563,fauzanindonisi,0,Twitter for Android,0,[]
2021-05-17 07:35:58,b'RT @RicKY_KCh: Penyidik KPK kini terbelah antara kelompok pendukung pengusutan tuntas korupsi dana bansos dan yang tidak. Kelompok pendukun\xe2\x80\xa6',1394194970236448770,masdyasri2,59,Twitter for Android,1,[]
2021-05-17 07:33:35,b'RT @RicKY_KCh: Penyidik KPK kini terbelah antara kelompok pendukung pengusutan tuntas korupsi dana bansos dan yang tidak. Kelompok pendukun\xe2\x80\xa6',1394194370568491010,SherlyMam,59,Twitter for Android,1,[]
2021-05-17 07:33:27,b'RT @komikkitatweet: masih ngarep Bansos aja kok ngumpulin donasi \xf0\x9f\x98\x82\xf0\x9f\x98\x82 mikirrr https://t.co/jtMmq58QaQ',1394194335407611905,JayengRono31,14,Twitter for iPhone,1,[]
2021-05-17 07:31:31,b'RT @RicKY_KCh: Penyidik KPK kini terbelah antara kelompok pendukung pengusutan tuntas korupsi dana bansos dan yang tidak. Kelompok pendukun\xe2\x80\xa6',1394193852592910338,PradityaBeni,59,Twitter for Android,1,[]
2021-05-17 07:29:09,b'RT @RicKY_KCh: Penyidik KPK kini terbelah antara kelompok pendukung pengusutan tuntas korupsi dana bansos dan yang tidak. Kelompok pendukun\xe2\x80\xa6',1394193253717536768,KhanaRizki,59,Twitter for Android,1,[]
2021-05-17 07:28:34,"b'https://t.co/dKvge0jeNs : Realisasi Anggaran PEN Rp172,3 Triliun, Bansos Tunai Sudah 98,39% https://t.co/qMW6ow58uR'",1394193108427018243,RatnoWistu,0,IFTTT,0,[]
2021-05-17 07:21:13,"b'@budimandjatmiko komen selektif dilakukan tak cuma oleh mereka; anda pernah komen masiku, korupsi bansos oleh mensos, antara lain?'",1394191256641671170,dirhamdinar3,0,Twitter for iPhone,0,[]
2021-05-17 07:13:55,b'RT @RicKY_KCh: Penyidik KPK kini terbelah antara kelompok pendukung pengusutan tuntas korupsi dana bansos dan yang tidak. Kelompok pendukun\xe2\x80\xa6',1394189422367698945,adila_shatir,59,Twitter for Android,1,[]
2021-05-17 07:09:52,"b'@RamliRizal saya masih ingat waktu abang sarankan agar penyaluran bansos melalui BRI, apakah ini salah satunya dari think out of the box itu bang \xf0\x9f\x99\x8f'",1394188403059482632,LukmanaDedy,0,Twitter for Android,0,[]
2021-05-17 07:04:52,b'@democrazymedia Kalo korupsi dana bansos itu teliti atau bukan yaaa...\xf0\x9f\x98\x82\xf0\x9f\xa4\xa3\xf0\x9f\xa4\xa3\xf0\x9f\xa4\xa3',1394187145884049411,Dikky87792395,0,Twitter for Android,0,[]
2021-05-17 07:02:04,b'RT @RicKY_KCh: Penyidik KPK kini terbelah antara kelompok pendukung pengusutan tuntas korupsi dana bansos dan yang tidak. Kelompok pendukun\xe2\x80\xa6',1394186439634538501,bunk_zae,59,Twitter Web App,1,[]
2021-05-17 07:01:24,b'RT @komikkitatweet: masih ngarep Bansos aja kok ngumpulin donasi \xf0\x9f\x98\x82\xf0\x9f\x98\x82 mikirrr https://t.co/jtMmq58QaQ',1394186272697061376,AgusSet20335869,14,Twitter for Android,1,[]
2021-05-17 06:56:37,b'RT @Bicaralahdotcom: https://t.co/Pk75exd7nS\n\nKalau melihat tayangan ini..tampaknya menarik ya..kita jd berfikir Pejabat kok masih kalah ed\xe2\x80\xa6',1394185069607022594,Dedikasi84,9,Twitter Web App,1,[]
2021-05-17 06:56:28,b'RT @RicKY_KCh: Penyidik KPK kini terbelah antara kelompok pendukung pengusutan tuntas korupsi dana bansos dan yang tidak. Kelompok pendukun\xe2\x80\xa6',1394185029325000705,sudarjkt,59,Twitter for iPhone,1,[]
2021-05-17 06:54:36,b'RT @RicKY_KCh: Penyidik KPK kini terbelah antara kelompok pendukung pengusutan tuntas korupsi dana bansos dan yang tidak. Kelompok pendukun\xe2\x80\xa6',1394184560196263940,KangNyimak15,59,Twitter Web App,1,[]
2021-05-17 06:52:38,"b'RT @BaunkH: @TofaTofa_id @aniesbaswedan @ArizaPatria @DKIJakarta biasanye klo kek bgitu program kementrian agama,, bs jd tanpa harus izin g\xe2\x80\xa6'",1394184067201966085,TheScienceHunt1,2,Twitter for Android,1,[]
2021-05-17 06:52:00,b'RT @RaisaTjokrodnta: MALING BANSOS harus dihukum Mati !\n\nhttps://t.co/a0uIHAl0j4',1394183905276698629,SantaPradana,6,Twitter for Android,1,[]
2021-05-17 06:49:47,b'@BersamaSahabat4 Ah jadi bingung niih. Ini konflik apa bagi bagi bansos.\xf0\x9f\x98\x82\xf0\x9f\x98\x82\xf0\x9f\x98\x82',1394183349451714562,island_zero,0,Twitter Web App,0,[]
2021-05-17 06:48:15,b'RT @RicKY_KCh: Penyidik KPK kini terbelah antara kelompok pendukung pengusutan tuntas korupsi dana bansos dan yang tidak. Kelompok pendukun\xe2\x80\xa6',1394182963571560455,BujangWiryaatm1,59,Twitter for Android,1,[]
2021-05-17 06:46:10,b'RT @komikkitatweet: masih ngarep Bansos aja kok ngumpulin donasi \xf0\x9f\x98\x82\xf0\x9f\x98\x82 mikirrr https://t.co/jtMmq58QaQ',1394182438486646786,Darmawan_bs,14,Twitter for Android,1,[]
2021-05-17 06:46:08,b'RT @komikkitatweet: masih ngarep Bansos aja kok ngumpulin donasi \xf0\x9f\x98\x82\xf0\x9f\x98\x82 mikirrr https://t.co/jtMmq58QaQ',1394182431394000899,G0enzillA,14,Twitter for Android,1,[]
2021-05-17 06:45:00,b'RT @RicKY_KCh: Penyidik KPK kini terbelah antara kelompok pendukung pengusutan tuntas korupsi dana bansos dan yang tidak. Kelompok pendukun\xe2\x80\xa6',1394182145023770632,SIROsidint,59,Twitter Web App,1,[]
2021-05-17 06:43:20,b'masih ngarep Bansos aja kok ngumpulin donasi \xf0\x9f\x98\x82\xf0\x9f\x98\x82 mikirrr\n#Komikita https://t.co/2SpdUVQPff',1394181726759374854,gadisresidu_b3,1,Twitter for Android,0,['Komikita']
2021-05-17 06:42:50,b'RT @kebijakananies_: Geisz Chalifa to Faldo Maldini\n\nBgm PSI mengatakan Serapan Anggaran Jaman Ahok lebih baik sementara Jaman Ahok tdk per\xe2\x80\xa6',1394181599344820224,AbolichdZ,107,Twitter for Android,1,[]
2021-05-17 06:42:21,"b'RT @JuliusSt3: @verticalscape @msaid_didu Iya yg ketangkep korupsi Bansos, JIWASRAYA, ASABRI, BLBI, dan Harun Masiku dkk biasa teriak NKRi\xe2\x80\xa6'",1394181475298267140,satiaji5,3,Twitter for Android,1,[]
2021-05-17 06:41:15,b'RT @RicKY_KCh: Penyidik KPK kini terbelah antara kelompok pendukung pengusutan tuntas korupsi dana bansos dan yang tidak. Kelompok pendukun\xe2\x80\xa6',1394181200667807744,Cengkonek2,59,Twitter for Android,1,[]
2021-05-17 06:40:42,"b'RT @JuliusSt3: @verticalscape @msaid_didu Iya yg ketangkep korupsi Bansos, JIWASRAYA, ASABRI, BLBI, dan Harun Masiku dkk biasa teriak NKRi\xe2\x80\xa6'",1394181062742269955,s_inod,3,Twitter for Android,1,[]
2021-05-17 06:39:33,b'RT @RicKY_KCh: Penyidik KPK kini terbelah antara kelompok pendukung pengusutan tuntas korupsi dana bansos dan yang tidak. Kelompok pendukun\xe2\x80\xa6',1394180773117251584,dannydhe,59,Twitter for Android,1,[]
2021-05-17 06:38:50,b'RT @RicKY_KCh: Penyidik KPK kini terbelah antara kelompok pendukung pengusutan tuntas korupsi dana bansos dan yang tidak. Kelompok pendukun\xe2\x80\xa6',1394180593223569408,domu95,59,Twitter for Android,1,[]
2021-05-17 06:38:25,b'@KemensosRI @RudiStephen mau tanya kalau untuk daftar penerima bansos caranya bagaimana?',1394180489066340355,Rotiditrader,0,Twitter for Android,0,[]
2021-05-17 06:36:39,b'RT @RicKY_KCh: Penyidik KPK kini terbelah antara kelompok pendukung pengusutan tuntas korupsi dana bansos dan yang tidak. Kelompok pendukun\xe2\x80\xa6',1394180042381430790,adhilumiu,59,Twitter for Android,1,[]
2021-05-17 06:35:25,b'RT @RicKY_KCh: Penyidik KPK kini terbelah antara kelompok pendukung pengusutan tuntas korupsi dana bansos dan yang tidak. Kelompok pendukun\xe2\x80\xa6',1394179731960913923,LNoorainy,59,Twitter for Android,1,[]
2021-05-17 06:35:23,b'RT @RicKY_KCh: Penyidik KPK kini terbelah antara kelompok pendukung pengusutan tuntas korupsi dana bansos dan yang tidak. Kelompok pendukun\xe2\x80\xa6',1394179726059532296,PlonkCom,59,Twitter for Android,1,[]
2021-05-17 06:33:39,b'RT @RicKY_KCh: Penyidik KPK kini terbelah antara kelompok pendukung pengusutan tuntas korupsi dana bansos dan yang tidak. Kelompok pendukun\xe2\x80\xa6',1394179286651658240,Fredy_Santana01,59,Twitter for Android,1,[]
2021-05-17 06:29:36,"b'Semenjak bansos ditarik ke BNI, BNI jadi tidak nyaman untuk nasabah'",1394178268895477761,GeFahmi,0,Twitter Web App,0,[]
2021-05-17 06:28:07,b'RT @RicKY_KCh: Penyidik KPK kini terbelah antara kelompok pendukung pengusutan tuntas korupsi dana bansos dan yang tidak. Kelompok pendukun\xe2\x80\xa6',1394177895510069251,MBT_Utama,59,Twitter for iPhone,1,[]
2021-05-17 06:27:53,b'RT @RicKY_KCh: Penyidik KPK kini terbelah antara kelompok pendukung pengusutan tuntas korupsi dana bansos dan yang tidak. Kelompok pendukun\xe2\x80\xa6',1394177836278157319,RuslanGasang,59,Twitter for Android,1,[]
2021-05-17 06:26:46,b'RT @RicKY_KCh: Penyidik KPK kini terbelah antara kelompok pendukung pengusutan tuntas korupsi dana bansos dan yang tidak. Kelompok pendukun\xe2\x80\xa6',1394177555221991427,YangLaut,59,Twitter for Android,1,[]
2021-05-17 06:25:33,"b'@ijaydevgan @SilumanRi @nazaqistsha Xan jg penyiram novel baswedan, yg celakain ahli IT yg d tol (lp sp nmnya,herman bkn ya??)xan madam bansos,korup asabri,jiwasraya,lapindo bongkar semuanya klo mo ng bongkar bobroknya org jgn tanggung2 lah!!!\xf0\x9f\x98\x8f\xf0\x9f\x98\x8f'",1394177248287100933,Ayuni16560049,0,Twitter for Android,0,[]
2021-05-17 06:25:27,b'RT @dipoalam49: \xf0\x9f\x91\x87Ini Berita Juli 2020..cek apa israel punya kpk? kuat kpknya? kpknya dilemahkan olh TWK (tes wawasan kebangsaan)? bansos co\xe2\x80\xa6',1394177224283017216,RullyTawang,17,Twitter for Android,1,[]
2021-05-17 06:25:09,b'RT @RicKY_KCh: Penyidik KPK kini terbelah antara kelompok pendukung pengusutan tuntas korupsi dana bansos dan yang tidak. Kelompok pendukun\xe2\x80\xa6',1394177146818469889,YOGIBUDIHARTO,59,Twitter for Android,1,[]
2021-05-17 06:24:50,b'RT @RicKY_KCh: Penyidik KPK kini terbelah antara kelompok pendukung pengusutan tuntas korupsi dana bansos dan yang tidak. Kelompok pendukun\xe2\x80\xa6',1394177069911724035,FYAbye,59,Twitter Web App,1,[]
2021-05-17 06:23:23,b'RT @PresidenKopi: Assalamualaikum @KPK_RI minal Aidin walfaidzin \xf0\x9f\x99\x8f. selamat bekerja. Dan jangn lupa istighfar ya. Semoga kasus2.\nAsabri \nJi\xe2\x80\xa6',1394176702322860032,Sapto993,14,Twitter for Android,1,[]
2021-05-17 06:21:45,b'RT @RicKY_KCh: Penyidik KPK kini terbelah antara kelompok pendukung pengusutan tuntas korupsi dana bansos dan yang tidak. Kelompok pendukun\xe2\x80\xa6',1394176294108033028,elfath212,59,Twitter for Android,1,[]
2021-05-17 06:20:27,"b'Asli barusan bgt ada paket, baru bat bangun mana difoto\xf0\x9f\x98\xad udah kek nerima bansos bukan nerima paket\xf0\x9f\x98\xad mana pake daster sobek https://t.co/yHfmg7DTtl'",1394175965341782019,tamaraeka,0,Twitter for iPhone,0,[]
2021-05-17 06:19:50,b'RT @kebijakananies_: Geisz Chalifa to Faldo Maldini\n\nBgm PSI mengatakan Serapan Anggaran Jaman Ahok lebih baik sementara Jaman Ahok tdk per\xe2\x80\xa6',1394175811905736708,Lelirahman2,107,Twitter for Android,1,[]
2021-05-17 06:17:58,b'RT @kebijakananies_: Geisz Chalifa to Faldo Maldini\n\nBgm PSI mengatakan Serapan Anggaran Jaman Ahok lebih baik sementara Jaman Ahok tdk per\xe2\x80\xa6',1394175342638624769,lelakiabiez,107,Twitter for Android,1,[]
2021-05-17 06:15:26,b'@GibraltarNc BANSOS SERGAP\xf0\x9f\xa4\xa3\xf0\x9f\xa4\xa3\xf0\x9f\xa4\xa3BANSER',1394174702742999043,Dungubin_Ungud,0,Twitter for Android,0,[]
2021-05-17 06:14:07,b'RT @RicKY_KCh: Penyidik KPK kini terbelah antara kelompok pendukung pengusutan tuntas korupsi dana bansos dan yang tidak. Kelompok pendukun\xe2\x80\xa6',1394174371598528512,PutraWadapi,59,Twitter for Android,1,[]
2021-05-17 06:13:35,"b'RT @WagimanDeep212_: Kalo cumak dipecat terlalu enak...\nPidanakan sperti koruptor Bansos, https://t.co/opZDxqAE2n'",1394174237095579648,albert_boruc97,39,Twitter for Android,1,[]
2021-05-17 06:12:41,b'@pikiran_rakyat Bansos orang miskin dimaling Menteri siapa?',1394174011412680712,DedeShu5,0,Twitter for Android,0,[]
2021-05-17 06:11:37,b'Testimoni #JokiTugas by twinniemil0ve\n90. Makalah korupsi bansos (politik) https://t.co/vfiSqFXUmU',1394173742469705728,twinniemil0ve,0,Twitter for Android,0,['JokiTugas']
2021-05-17 06:08:40,b'@jek___ Tad bansos kapan cair..kerongkongan seret neh',1394172998744084486,rudiromd,0,Twitter for Android,0,[]
2021-05-17 05:59:42,b'@CHIFUYUSM Ayo kasi aku bansos',1394170744444055552,moriartyie,0,Twitter for Android,0,[]
2021-05-17 05:59:26,b'RT @Bicaralahdotcom: https://t.co/Pk75exd7nS\n\nKalau melihat tayangan ini..tampaknya menarik ya..kita jd berfikir Pejabat kok masih kalah ed\xe2\x80\xa6',1394170677918265347,bobatimee,9,Twitter for Android,1,[]
2021-05-17 05:57:01,b'RT @Bicaralahdotcom: https://t.co/Pk75exd7nS\n\nKalau melihat tayangan ini..tampaknya menarik ya..kita jd berfikir Pejabat kok masih kalah ed\xe2\x80\xa6',1394170069194657793,kinerathuk435,9,Twitter for Android,1,[]
2021-05-17 05:55:33,b'RT @dipoalam49: \xf0\x9f\x91\x87Ini Berita Juli 2020..cek apa israel punya kpk? kuat kpknya? kpknya dilemahkan olh TWK (tes wawasan kebangsaan)? bansos co\xe2\x80\xa6',1394169699391344643,didienAZHAR,17,Twitter Web App,1,[]
2021-05-17 05:52:46,b'RT @RicKY_KCh: Penyidik KPK kini terbelah antara kelompok pendukung pengusutan tuntas korupsi dana bansos dan yang tidak. Kelompok pendukun\xe2\x80\xa6',1394169000427286532,SayutiRaden2,59,Twitter for Android,1,[]
2021-05-17 05:50:18,b'RT @Bicaralahdotcom: https://t.co/Pk75exd7nS\n\nKalau melihat tayangan ini..tampaknya menarik ya..kita jd berfikir Pejabat kok masih kalah ed\xe2\x80\xa6',1394168380232372229,HFarisman,9,Twitter for Android,1,[]
2021-05-17 05:50:07,b'RT @dipoalam49: \xf0\x9f\x91\x87Ini Berita Juli 2020..cek apa israel punya kpk? kuat kpknya? kpknya dilemahkan olh TWK (tes wawasan kebangsaan)? bansos co\xe2\x80\xa6',1394168332819914755,samienz,17,Twitter for Android,1,[]
2021-05-17 05:49:43,b'RT @komikkitatweet: masih ngarep Bansos aja kok ngumpulin donasi \xf0\x9f\x98\x82\xf0\x9f\x98\x82 mikirrr https://t.co/jtMmq58QaQ',1394168231233867776,GoTotheJek,14,Twitter for Android,1,[]
2021-05-17 05:47:38,b'RT @dipoalam49: \xf0\x9f\x91\x87Ini Berita Juli 2020..cek apa israel punya kpk? kuat kpknya? kpknya dilemahkan olh TWK (tes wawasan kebangsaan)? bansos co\xe2\x80\xa6',1394167708682375168,Prawitadisastra,17,Twitter for Android,1,[]
2021-05-17 05:46:19,b'RT @Bicaralahdotcom: https://t.co/Pk75exd7nS\n\nKalau melihat tayangan ini..tampaknya menarik ya..kita jd berfikir Pejabat kok masih kalah ed\xe2\x80\xa6',1394167374090170368,Ulum16510682,9,Twitter for Android,1,[]
2021-05-17 05:46:18,b'RT @BersamaSahabat4: Lewat New Data Terpadu Kesejahteraan \nSosial (DTKS) masyarakat bisa Daftar terima Bansos &amp; Melaporkan. https://t.co/XB\xe2\x80\xa6',1394167373607751680,Sunhok16,7,Twitter for Android,1,[]
2021-05-17 05:45:20,"b'RT @naser_jgj: Bansos tuh yang pada dikorupsi. Donasi untuk Palestina mah nyampe, yg ngelola orangnya profesional'",1394167129679679488,YaminLG,1,Twitter Web App,1,[]
2021-05-17 05:44:38,b'RT @Bicaralahdotcom: https://t.co/Pk75exd7nS\n\nKalau melihat tayangan ini..tampaknya menarik ya..kita jd berfikir Pejabat kok masih kalah ed\xe2\x80\xa6',1394166951778287621,RamliRizal,9,Twitter for iPhone,1,[]
2021-05-17 05:43:23,"b'Kasus Harun Masiku dan Bansos Terganjal TWK, Haikal Hassan: Bubarkan Saja Sekalian? \n\nhttps://t.co/bXolLOr51A'",1394166639579471875,DumayWarga,0,TweetDeck,0,[]
2021-05-17 05:41:42,"b'masih ngarep Bansos dan BLT aja, berlagak  cari donasi buat sono \xf0\x9f\x98\x82\xf0\x9f\x98\x82'",1394166213052289026,TokoAnima,0,Twitter for Android,0,[]
2021-05-17 05:39:58,b'RT @komikkitatweet: masih ngarep Bansos aja kok ngumpulin donasi \xf0\x9f\x98\x82\xf0\x9f\x98\x82 mikirrr https://t.co/jtMmq58QaQ',1394165778891505665,arek_pandaan911,14,Twitter for Android,1,[]
2021-05-17 05:38:25,b'RT @RicKY_KCh: Penyidik KPK kini terbelah antara kelompok pendukung pengusutan tuntas korupsi dana bansos dan yang tidak. Kelompok pendukun\xe2\x80\xa6',1394165389311967232,Ardhani_sby,59,TwitPane for Android,1,[]
2021-05-17 05:38:17,"b'@KompasTV Bagimana mau kirim, bansos aja bisa hilang sebagian \xf0\x9f\xa4\xa3'",1394165354683793412,tarmiziarifm,0,Twitter for Android,0,[]
2021-05-17 05:37:13,b'RT @RicKY_KCh: Penyidik KPK kini terbelah antara kelompok pendukung pengusutan tuntas korupsi dana bansos dan yang tidak. Kelompok pendukun\xe2\x80\xa6',1394165085468172289,AkalSuper,59,Twitter for Android,1,[]
2021-05-17 05:34:59,"b'RT @petrelalminanga: 43 T bpjs belum jiwasraya, Bansos, Asabri, Prakerja, lobster, dll.. makasih pak Jok https://t.co/UDoUcZim0f'",1394164522932342784,DianGara,1,Twitter Web App,1,[]
2021-05-17 05:31:57,b'RT @PresidenKopi: Assalamualaikum @KPK_RI minal Aidin walfaidzin \xf0\x9f\x99\x8f. selamat bekerja. Dan jangn lupa istighfar ya. Semoga kasus2.\nAsabri \nJi\xe2\x80\xa6',1394163761318031360,Rozi17136983,14,Twitter Web App,1,[]
2021-05-17 05:29:52,b'RT @komikkitatweet: masih ngarep Bansos aja kok ngumpulin donasi \xf0\x9f\x98\x82\xf0\x9f\x98\x82 mikirrr https://t.co/jtMmq58QaQ',1394163234270191616,alfonsgo,14,Twitter Web App,1,[]
2021-05-17 05:29:00,b'RT @dipoalam49: \xf0\x9f\x91\x87Ini Berita Juli 2020..cek apa israel punya kpk? kuat kpknya? kpknya dilemahkan olh TWK (tes wawasan kebangsaan)? bansos co\xe2\x80\xa6',1394163018930397186,DarahJu78625725,17,Twitter for Android,1,[]
2021-05-17 05:26:30,b'RT @dipoalam49: \xf0\x9f\x91\x87Ini Berita Juli 2020..cek apa israel punya kpk? kuat kpknya? kpknya dilemahkan olh TWK (tes wawasan kebangsaan)? bansos co\xe2\x80\xa6',1394162390472663041,Nurizal,17,Twitter for Android,1,[]
2021-05-17 05:25:23,b'RT @dipoalam49: \xf0\x9f\x91\x87Ini Berita Juli 2020..cek apa israel punya kpk? kuat kpknya? kpknya dilemahkan olh TWK (tes wawasan kebangsaan)? bansos co\xe2\x80\xa6',1394162107260686336,Abah_aljahily,17,Twitter for Android,1,[]
2021-05-17 05:25:15,b'RT @dipoalam49: \xf0\x9f\x91\x87Ini Berita Juli 2020..cek apa israel punya kpk? kuat kpknya? kpknya dilemahkan olh TWK (tes wawasan kebangsaan)? bansos co\xe2\x80\xa6',1394162073148420096,AzisDevy,17,Twitter for Android,1,[]
2021-05-17 05:24:57,b'Lewat new data terpadu kesejahteraan sosial(DTKS) masyarakat bisa daftar terima bansos dan melaporkan #jokowigaspolreformasibirokrasi https://t.co/uQlT2A4tBj',1394162000943632385,viddysupit,0,Instagram,0,['jokowigaspolreformasibirokrasi']
2021-05-17 05:22:48,b'\xf0\x9f\x91\x87Ini Berita Juli 2020..cek apa israel punya kpk? kuat kpknya? kpknya dilemahkan olh TWK (tes wawasan kebangsaan)? bansos coronanya tersunat? kenapa warganya nuntut netanyahu? @republikaonline\n\nWarga Israel Tuntut Netanyahu Mundur karena Korupsi dan Corona https://t.co/iHy1g6d6Nt',1394161459639189514,dipoalam49,17,Twitter for Android,0,[]
2021-05-17 05:20:29,b'RT @RicKY_KCh: Penyidik KPK kini terbelah antara kelompok pendukung pengusutan tuntas korupsi dana bansos dan yang tidak. Kelompok pendukun\xe2\x80\xa6',1394160874349228040,PuputChuanglin,59,Twitter for iPhone,1,[]
2021-05-17 05:17:40,"b'Hahahaha... Anak pintar, jngn2 duit bansos pikirnya. https://t.co/ROl1RmucXy'",1394160166438772737,maryadi182634,0,Twitter Web App,0,[]
2021-05-17 05:13:14,b'RT @RicKY_KCh: Penyidik KPK kini terbelah antara kelompok pendukung pengusutan tuntas korupsi dana bansos dan yang tidak. Kelompok pendukun\xe2\x80\xa6',1394159049558487043,DontcryindoKid,59,Twitter for Android,1,[]
2021-05-17 05:09:52,"b'https://t.co/Pk75exd7nS\n\nKalau melihat tayangan ini..tampaknya menarik ya..kita jd berfikir Pejabat kok masih kalah edan dengan setan..krn setan cuka ganggu manusia, gak sampai tilep dana bansos..\n\n@RamliRizal'",1394158202481086465,Bicaralahdotcom,9,Twitter for Android,0,[]
2021-05-17 05:06:15,b'@farhanalv penyuplai bansos untuk abin',1394157294875668481,aminullah_lubis,0,Twitter Web App,0,[]
2021-05-17 05:01:23,b'RT @RicKY_KCh: Penyidik KPK kini terbelah antara kelompok pendukung pengusutan tuntas korupsi dana bansos dan yang tidak. Kelompok pendukun\xe2\x80\xa6',1394156067290894338,Rasy_Abdullah,59,Twitter for Android,1,[]
2021-05-17 04:58:57,b'RT @RaisaTjokrodnta: MALING BANSOS harus dihukum Mati !\n\nhttps://t.co/a0uIHAl0j4',1394155457703342081,Lord_Sakto,6,Twitter for Android,1,[]
2021-05-17 04:57:39,b'RT @RaisaTjokrodnta: Upaya intelejen membungkam suara  FPI terhadap kejahatan Korupsi Bansos telah berhasil sejauh ini\n\nhttps://t.co/vTZK7S\xe2\x80\xa6',1394155129704566786,Lord_Sakto,3,Twitter for Android,1,[]
2021-05-17 04:53:44,b'RT @RicKY_KCh: Penyidik KPK kini terbelah antara kelompok pendukung pengusutan tuntas korupsi dana bansos dan yang tidak. Kelompok pendukun\xe2\x80\xa6',1394154144944906248,m_natsirdmokrat,59,Twitter for Android,1,[]
2021-05-17 04:53:05,b'@FerdinandHaean3 Saya indonesia saya pancasila tapi kok maling bansos...\xf0\x9f\x98\x82',1394153979429359617,Topanirfan08,0,Twitter Web App,0,[]
2021-05-17 04:48:16,"b'RT @pikiran_rakyat: Hukum Terus Bergulir, Apa Kabar Kasus Korupsi Bansos Covid-19? Simak Rangkuman Faktanya https://t.co/kwePdq8MwQ'",1394152767183196164,militanvespa,1,Twitter Web App,1,[]
2021-05-17 04:47:34,b'RT @RaisaTjokrodnta: MALING BANSOS harus dihukum Mati !\n\nhttps://t.co/a0uIHAl0j4',1394152591987118083,AlexisTobat,6,Twitter Web App,1,[]
2021-05-17 04:47:34,"b'@korantempo Gak dipecat tapi tanggung jawabnya diserahkan ke pimpinan. Buat apa? Buat SP-3 kasus bansos, benur, dll-nya kayak punya edy tansil?'",1394152589789335552,DzakwanFirst,0,Twitter for Android,0,[]
2021-05-17 04:47:28,b'RT @RaisaTjokrodnta: Upaya intelejen membungkam suara  FPI terhadap kejahatan Korupsi Bansos telah berhasil sejauh ini\n\nhttps://t.co/vTZK7S\xe2\x80\xa6',1394152567228178436,AlexisTobat,3,Twitter Web App,1,[]
2021-05-17 04:47:24,b'RT @RicKY_KCh: Penyidik KPK kini terbelah antara kelompok pendukung pengusutan tuntas korupsi dana bansos dan yang tidak. Kelompok pendukun\xe2\x80\xa6',1394152551159791616,AlexisTobat,59,Twitter Web App,1,[]
2021-05-17 04:47:15,b'RT @RicKY_KCh: Penyidik KPK kini terbelah antara kelompok pendukung pengusutan tuntas korupsi dana bansos dan yang tidak. Kelompok pendukun\xe2\x80\xa6',1394152510596677632,MudiBanten,59,Twitter Web App,1,[]
2021-05-17 04:47:13,b'RT @RicKY_KCh: Penyidik KPK kini terbelah antara kelompok pendukung pengusutan tuntas korupsi dana bansos dan yang tidak. Kelompok pendukun\xe2\x80\xa6',1394152501599895556,Elmirakid,59,Twitter for Android,1,[]
2021-05-17 04:47:02,b'RT @RicKY_KCh: Penyidik KPK kini terbelah antara kelompok pendukung pengusutan tuntas korupsi dana bansos dan yang tidak. Kelompok pendukun\xe2\x80\xa6',1394152457735868419,yaniprawiro1,59,Twitter Web App,1,[]
2021-05-17 04:46:56,b'RT @RicKY_KCh: Penyidik KPK kini terbelah antara kelompok pendukung pengusutan tuntas korupsi dana bansos dan yang tidak. Kelompok pendukun\xe2\x80\xa6',1394152432188284929,KabMmd,59,Twitter Web App,1,[]
2021-05-17 04:46:35,"b'Hukum Terus Bergulir, Apa Kabar Kasus Korupsi Bansos Covid-19? Simak Rangkuman Faktanya https://t.co/kwePdq8MwQ'",1394152341952077825,pikiran_rakyat,1,dlvr.it,0,[]
2021-05-17 04:45:55,b'@fadlizon Kan sudah jelas bang.orang yang teriak pancasila paling NKRI.byk biadab bansos ditilap blum lagi yg lain lain.',1394152177195569153,AmriCandra2,0,Twitter for Android,0,[]
2021-05-17 04:45:51,b'Upaya intelejen membungkam suara  FPI terhadap kejahatan Korupsi Bansos telah berhasil sejauh ini\n\nhttps://t.co/vTZK7SvILM',1394152159424303107,RaisaTjokrodnta,3,Twitter for Android,0,[]
2021-05-17 04:44:20,b'@nymsuginata @H4T14K4LN4L42 @BersamaSahabat4 Lebih gk jelas kaum bani BIPANG \nJIWASRAYA \nASABRI\nBANSOS\nE KTP\nAahh dan masih banyak yg lain tak terhi gga\n\xf0\x9f\x98\x80\xf0\x9f\x98\x80\xf0\x9f\x98\x80\xf0\x9f\x98\x80\xf0\x9f\x98\x80\xf0\x9f\x98\x80',1394151777260302340,TEEJA12058738,0,Twitter for Android,0,[]
2021-05-17 04:43:56,b'Penyidik KPK kini terbelah antara kelompok pendukung pengusutan tuntas korupsi dana bansos dan yang tidak. Kelompok pendukung diberhentikan. Caranya cukup halus. Melalui tes wawasan kebangsaan.\n\nhttps://t.co/3vhLZHZDYS',1394151675171020801,RicKY_KCh,59,Twitter for Android,0,[]
2021-05-17 04:43:01,"b'Pada Hari Senin 17 Mei 2021 Kasat Binmas  Polres Berau AKP Sutrisno, S.H membagikan bansos kepada Sdr. YOHANES IREUW, warga Papua yang beralamat di Jln Durian III Gg perkasa Kel. Tanjung redeb dan menghimbau agar tetap mendukung kebijakan pemerintah untuk otonomi khusus di Papua https://t.co/wmydjWDqIh'",1394151444064862216,polresberau4,8,Twitter Web App,0,[]
2021-05-17 04:42:38,b'MALING BANSOS harus dihukum Mati !\n\nhttps://t.co/a0uIHAl0j4',1394151348958949377,RaisaTjokrodnta,6,Twitter for Android,0,[]
2021-05-17 04:42:12,"b'@RaisaTjokrodnta Parte bansos, dan ktp'",1394151239185694720,nurhadi86165336,0,Twitter for iPhone,0,[]
2021-05-17 04:37:11,"b'Menteri Sosial Tri Rismaharini: ""New Data Terpadu Kesejahteraan Sosial (DTKS), memudahkan nmasyarakat dalam mendaftar terima Bantuan Sosial/BanSos serta melaporkannya""\n#JokowiLawanPandemi https://t.co/KJEcBRCq2F'",1394149980122669058,P7Ang_JMB,0,Twitter for Android,0,['JokowiLawanPandemi']
2021-05-17 04:36:36,b'RT @komikkitatweet: masih ngarep Bansos aja kok ngumpulin donasi \xf0\x9f\x98\x82\xf0\x9f\x98\x82 mikirrr https://t.co/jtMmq58QaQ',1394149832537755648,Oodhi_tah,14,Twitter for Android,1,[]
2021-05-17 04:35:01,"b'RT @K1_7123J0: Jika memang peduli rakyat, tentunya segala hal terkait wabah akan digratiskan, tak ada infromasi simpang siur dan tentu tran\xe2\x80\xa6'",1394149434343104513,GnwnMulyadi,6,Twitter for Android,1,[]
2021-05-17 04:33:09,"b'Pemerintah Jokowi gas poll reformasi birokrasi, lewat new data terpadu kesejahteraab sosial masyarakat untuk mendaftar, cek data penerima bansos dan melaporkan. https://t.co/VVEciaw16B'",1394148964224565248,MistikPolitik,0,Twitter for Android,0,[]
2021-05-17 04:28:19,b'@FerdinandHaean3 Paling enak korupsi bansos tdk usah bersusah payah menyebar no.rek. \xf0\x9f\x98\x82\xf0\x9f\x98\x82\xf0\x9f\x98\x82',1394147747817611268,HinduanTahir,0,Twitter for Android,0,[]
2021-05-17 04:26:29,b'@emha_baraja @Alva47831808 @SyairRevolusi @EMA_News Masih ngarep hutangan atas penanganan pandemi. Kalo cair disikat kyk bansos &amp; mafia vaksin \xf0\x9f\xa4\xad',1394147286083506177,nic04722,0,Twitter Web App,0,[]
2021-05-17 04:22:03,b'RT @komikkitatweet: masih ngarep Bansos aja kok ngumpulin donasi \xf0\x9f\x98\x82\xf0\x9f\x98\x82 mikirrr https://t.co/jtMmq58QaQ',1394146168976789509,KRadicalisme,14,Twitter Web App,1,[]
2021-05-17 04:18:14,b'@geloraco Kapitra jelas lah yang garong bansos dan bupati Nganjuk siapa? Pasti kl akan pro menjegal yg disingkirkan',1394145208971907072,adiluhung_darus,0,Twitter Web App,0,[]
2021-05-17 04:17:07,b'@Abu_Ar_Rayyan @Minang_cyber \xf0\x9f\xa4\xa3\xf0\x9f\xa4\xa3\xf0\x9f\xa4\xa3..belagu sok haram..DUIT BANSOS AJA ELO GARONG....\xf0\x9f\xa4\xa3\xf0\x9f\xa4\xa3\xf0\x9f\xa4\xa3',1394144927278268416,CiLieq,0,Twitter for Android,0,[]
2021-05-17 04:15:52,b'@SusantoMulyono2 @IDN_Username @KRMTRoySuryo2 Tukang kentit bansos.',1394144611879116800,adhiMID,0,Twitter Web App,0,[]
2021-05-17 04:13:03,"b'RT @EagleReaper01: Pertama:\na. Balikin uang korupsi bansos, harun masiku dan korupsi2 lainnya\nb. Jangan korupsi\nc. Stop Islamophobia dan in\xe2\x80\xa6'",1394143905872896002,bejo2365,1,Twitter Web App,1,[]
2021-05-17 04:11:48,"b'Pertama:\na. Balikin uang korupsi bansos, harun masiku dan korupsi2 lainnya\nb. Jangan korupsi\nc. Stop Islamophobia dan intoleransi\nd. Stop radikal-radikul\ne. Jujurlah\n.\n. https://t.co/zfbfMfwAsd'",1394143589240868864,EagleReaper01,1,Twitter for Android,0,[]
2021-05-17 04:11:37,"b'@budimandjatmiko Pertama:\na. Balikin uang korupsi bansos, harun masiku dan korupsi2 lainnya\nb. Jangan korupsi\nc. Stop Islamophobia dan intoleransi\nd. Stop radikal-radikul\ne. Jujurlah'",1394143543422296064,EagleReaper01,0,Twitter for Android,0,[]
2021-05-17 04:10:26,"b'Kasus Harun Masiku dan Bansos Terganjal TWK, Haikal Hassan: Bubarkan Saja Sekalian? https://t.co/68nTfwSJgh'",1394143246926839808,vrishaba05,0,Twitter Web App,0,[]
2021-05-17 04:04:27,"b'@CiLieq @Abu_Ar_Rayyan @HambaAllah_411 Cebong tolol, bantu doong yg lagi kesusahan, sisihin sisa korup bansos kek'",1394141739561017348,sukarnama,0,Twitter for Android,0,[]
2021-05-17 04:03:44,b'RT @komikkitatweet: masih ngarep Bansos aja kok ngumpulin donasi \xf0\x9f\x98\x82\xf0\x9f\x98\x82 mikirrr https://t.co/jtMmq58QaQ',1394141559059148809,mhmdfaqih48,14,Twitter for Android,1,[]
2021-05-17 04:01:20,b'@kopiPait_78 Coba madam bansos',1394140956635459591,AchmadShonnyArc,0,Twitter for Android,0,[]
2021-05-17 03:59:05,b'kek orang mau nerima bansos anjer',1394140390370861057,jstnsomi,0,Twitter for Android,0,[]
2021-05-17 03:58:39,b'@komikkitatweet Bansos nya kan di kroupsi tuanm bong',1394140281235144706,annonymous_02,0,Twitter for Android,0,[]
2021-05-17 03:55:42,b'RT @dickysenda: Sementara koruptor bansos bersemayam di? \n\nhttps://t.co/8WDsv58RCh',1394139538662985730,rizkiBANG,89,Twitter for Android,1,[]
2021-05-17 03:53:16,"b""@febridiansyah @kandargalang asbab @KPK_RI dibubarkan,\nMenangani kasus #BLBI beserta turunan'nya.\nyg terakhir Kasus Bansos krn mengarah ke satu orang petinggi Partai Penguasa, Seorang Wanita, usia lanjut, Fix.\n\nBarbuk Milik Negara dijual &amp; Bajak ditengah Jalan agar Kasus tdk bisa dibuktikan, HiDUP  KORUPTOR""",1394138927435378689,TheUncleDee,0,Twitter Web App,0,['BLBI']
2021-05-17 03:49:58,"b'Untuk menjadi penerima Bansos, masyarakat dapat mendaftarkan dirinya lewat New Data Terpadu Kesejahteraan Sosial (DTKS).\n#Jokowi https://t.co/UfW7qtPewB'",1394138097730789386,IndonesiaRahayu,0,Twitter for Android,0,['Jokowi']
2021-05-17 03:48:16,b'RT @komikkitatweet: masih ngarep Bansos aja kok ngumpulin donasi \xf0\x9f\x98\x82\xf0\x9f\x98\x82 mikirrr https://t.co/jtMmq58QaQ',1394137666254372864,ricosiswandi,14,Twitter Web App,1,[]
2021-05-17 03:46:45,b'RT @komikkitatweet: masih ngarep Bansos aja kok ngumpulin donasi \xf0\x9f\x98\x82\xf0\x9f\x98\x82 mikirrr https://t.co/jtMmq58QaQ',1394137284648132616,ventoz,14,Twitter for Android,1,[]
2021-05-17 03:39:41,"b'@detikcom Di kita juga ternak tikus kok, malah tikus kita pinter bisa makan dana bansos dan bohongin rakyat chuaakzz'",1394135506628141056,AnisahGill,0,Twitter for Mac,0,[]
2021-05-17 03:37:12,b'masih ngarep Bansos aja kok ngumpulin donasi \xf0\x9f\x98\x82\xf0\x9f\x98\x82 mikirrr https://t.co/jtMmq58QaQ',1394134883845349376,komikkitatweet,14,Twitter for Android,0,[]
2021-05-17 03:37:07,"b'RT @WagimanDeep212_: Kalo cumak dipecat terlalu enak...\nPidanakan sperti koruptor Bansos, https://t.co/opZDxqAE2n'",1394134863112904710,andris44,39,Twitter for Android,1,[]
2021-05-17 03:36:30,"b'RT @K1_7123J0: Jika memang peduli rakyat, tentunya segala hal terkait wabah akan digratiskan, tak ada infromasi simpang siur dan tentu tran\xe2\x80\xa6'",1394134704660488195,dedentr,6,Twitter for Android,1,[]
2021-05-17 03:34:52,"b'RT @WagimanDeep212_: Kalo cumak dipecat terlalu enak...\nPidanakan sperti koruptor Bansos, https://t.co/opZDxqAE2n'",1394134295334166528,EAdityajaya,39,Twitter for Android,1,[]
2021-05-17 03:34:45,"b'@DPR_RI @jokowi kasus Rapide tes bekas di Bandara Kualanamu mengakibatkan DIRUT dan DIROP @KimiaFarmaCare dipecat karena di anggap""BERTANGGUNG JAWAB"" dng apa yang di lakukan bawahan nya !\nBerbeda perlakuan nya dng kasus Korupsi bansos oleh Mensos !\n\xf0\x9f\x98\x80\xf0\x9f\x98\x80'",1394134266179559426,hm_dermawanzain,0,Twitter for Android,1,[]
2021-05-17 03:23:53,b'@BersamaSahabat4 Bukankah ada aturan dalam penggalangan dana utk BANSOS baik aturan dari pemerintah pusat dan daerah.\nhttps://t.co/kKRoEwQrMk',1394131529916305408,Frans_Priyo,0,Twitter for Android,0,[]
2021-05-17 03:15:46,b'Kasus bansos melibatkan pak lurah (@jokowi) dan madam bansos sih. https://t.co/EchxKXKolo',1394129489580412933,penipu_2periode,0,Twitter Web App,0,[]
2021-05-17 03:10:54,"b'@budimandjatmiko Kita lebih keren dimata dunia, cara bersyukur kita yg kurang.\nDana bansos, harun masiku leewaaaat bahkan tuhan ada di indonesia tepat nya di gubuk2 rakyat kecil.'",1394128263383949312,arbi_blues,0,Twitter for iPhone,0,[]
2021-05-17 03:09:37,b'RT @PresidenKopi: Assalamualaikum @KPK_RI minal Aidin walfaidzin \xf0\x9f\x99\x8f. selamat bekerja. Dan jangn lupa istighfar ya. Semoga kasus2.\nAsabri \nJi\xe2\x80\xa6',1394127939298418688,Chan11Vero,14,Twitter for iPhone,1,[]
2021-05-17 03:07:16,"b'@budimandjatmiko Disaat cina sdah nisa bikin tablet tipis, Disini masih ada orang yang ngembat duit dana Bansos Covid..ambyar'",1394127348157411330,dy_gunady,0,Twitter for Android,0,[]
2021-05-17 03:05:56,b'RT @Ndukla2: Kemensos melalui dua fitur baru dalam New DTKS memberikan akses kepada masyarakat untuk mendaftarkan diri sebagai penerima ban\xe2\x80\xa6',1394127012965470209,kmumarla,9,Twitter for Android,1,[]
2021-05-17 02:53:07,"b'@TheMaximvs09 Masih mending vaksin lambat, bansos dikorup, pengangguran, disana orang solat ajah g aman, mau kemana2 ajah g aman.. klo g mau dukung at least g usah mempermasalahkan yg mendukung orang orang disana..kalau ngerasain ky disana jg kalian pasti berharap ada yg nolong ato donasi..'",1394123790230056965,gsundana,0,Twitter for Android,0,[]
2021-05-17 02:44:51,"b'43 T bpjs belum jiwasraya, Bansos, Asabri, Prakerja, lobster, dll.. makasih pak Jok https://t.co/UDoUcZim0f'",1394121708508827654,petrelalminanga,1,Twitter for Android,0,[]
2021-05-17 02:28:41,"b'RT @K1_7123J0: Jika memang peduli rakyat, tentunya segala hal terkait wabah akan digratiskan, tak ada infromasi simpang siur dan tentu tran\xe2\x80\xa6'",1394117638343708675,DSXL3,6,Twitter for Android,1,[]
2021-05-17 02:20:44,"b'@TaufikDamas BANSOS dikorupsi, primitif sekali pelakunya cc @PostinusGul @hotradero @ismailfahmi @MurtadhaOne1 @FerdinandHaean3 @fadjroeL @budimandjatmiko @TheArieAir @na_dirs @TeddyGusnaidi @eko_kuntadhi @abirekso @ChusnulCh__ @kangdede78 @GunRomli @sahaL_AS @susetyopr @Stakof @Dennysiregar7'",1394115639904591874,BchristosA,0,Twitter for iPhone,0,[]
2021-05-17 02:15:18,b'@jokowi Seng korupsi bansos sido dihukum matek ora',1394114271638822912,Anakesimak1,0,Twitter for Android,0,[]
2021-05-17 02:11:02,b'@HambaAllah_411 Emang ga dapat bansos?',1394113200379994115,Ramadan79532909,0,Twitter for Android,0,[]
2021-05-17 02:09:55,b'@mohmahfudmd Saya titip yg korupsi bansos jadi dihukum mati apa tidak?????',1394112918619181060,Anakesimak1,0,Twitter for Android,0,[]
2021-05-17 02:09:33,b'@mellyndss Pantas saja. Kedua bank itu setiap hari rame sama bansos \xf0\x9f\x98\x82',1394112826009014278,dedydjun,0,Twitter for Android,0,[]
2021-05-17 02:04:33,b'@VIVAcoid Kapitra ini mewakili Pedeipe kan ? Jd jelas skrg partai yg.ingin KPK hancur krn ketahuan kadernya merampok dana bansos.',1394111567193464835,Ariefsulaiman02,0,Twitter for Android,0,[]
2021-05-17 02:03:53,b'RT @dickysenda: Sementara koruptor bansos bersemayam di? \n\nhttps://t.co/8WDsv58RCh',1394111398523785218,HarrisSetiadii,89,Twitter Web App,1,[]
2021-05-17 02:01:40,b'@adiindasalsa Antri bansos lu mh',1394110843025911811,tiaraalfina10,0,Twitter for Android,0,[]
2021-05-17 01:57:11,b'RT @BersamaSahabat4: Lewat New Data Terpadu Kesejahteraan \nSosial (DTKS) masyarakat bisa Daftar terima Bansos &amp; Melaporkan. https://t.co/XB\xe2\x80\xa6',1394109711218135041,Arifngk,7,Twitter for Android,1,[]
2021-05-17 01:56:27,"b'@UusRsd Ambulance hasil infak warga padang bukti donasi mereka sampai, tanpa disunat seperti bansos'",1394109526643658757,kierenakbar,0,Twitter for Android,0,[]
2021-05-17 01:55:54,b'Tiga pilar bansos di desa kedungpadang https://t.co/GQWRRYVrcK',1394109391205404673,sekrejoso,0,Twitter for Android,0,[]
2021-05-17 01:54:28,"b'RT @WagimanDeep212_: Kalo cumak dipecat terlalu enak...\nPidanakan sperti koruptor Bansos, https://t.co/opZDxqAE2n'",1394109030549782528,Donie248,39,Twitter Web App,1,[]
2021-05-17 01:38:06,b'RT @BersamaSahabat4: Lewat New Data Terpadu Kesejahteraan \nSosial (DTKS) masyarakat bisa Daftar terima Bansos &amp; Melaporkan. https://t.co/XB\xe2\x80\xa6',1394104910304616451,JokoSut22826110,7,Twitter for Android,1,[]
2021-05-17 01:29:31,"b'RT @WagimanDeep212_: Kalo cumak dipecat terlalu enak...\nPidanakan sperti koruptor Bansos, https://t.co/opZDxqAE2n'",1394102752104443905,harrysmpollo2,39,Twitter for Android,1,[]
2021-05-17 01:25:50,"b'RT @K1_7123J0: Jika memang peduli rakyat, tentunya segala hal terkait wabah akan digratiskan, tak ada infromasi simpang siur dan tentu tran\xe2\x80\xa6'",1394101823149993985,cahusen1,6,Twitter for iPhone,1,[]
2021-05-17 01:23:03,b'@ad3fa21 Di madam bansos',1394101124907503616,4kum4h4p44tuh,0,Twitter for Android,0,[]
2021-05-17 01:18:20,b'Segala kemungkinan indonesia akan menyaingi india akan terjadi berkat bakat dan suport sistem yg ada melihat situasi dan kondisi yg ada sekarang \n1. Bonus wisata\n2. Pemerintah 2M (mencla mencle)\n3. Pilkada \n4. Korupsi bansos\n5. Mereka justru pelanggar peraturan https://t.co/UdDUVu5ucX',1394099935092510724,rudyalamzah,0,Twitter Web App,0,[]
2021-05-17 01:16:16,b'@ad3fa21 Makan dana bansos ya kesetanan semua \xf0\x9f\x99\x84\xf0\x9f\x98\x81',1394099414126383111,H4MZ4H_ALFANS13,0,Twitter for Android,0,[]
2021-05-17 01:15:52,"b'RT @ad3fa21: Katanya Tuhan bersemayam digubuk orang miskin\n\nTerus dana bansos bersemayam dimana, ada yang tau gak \xf0\x9f\xa4\xaa'",1394099316969525249,GnW_1_kuli,1,Twitter Web App,1,[]
2021-05-17 01:15:15,"b'Katanya Tuhan bersemayam digubuk orang miskin\n\nTerus dana bansos bersemayam dimana, ada yang tau gak \xf0\x9f\xa4\xaa'",1394099161847386113,ad3fa21,1,Twitter for Android,0,[]
2021-05-17 01:13:22,b'@Sugit38368578 Sebaiknya @KemensosRI memberhentikan Program Bansos yg Unfaedah.',1394098686729228289,dsangg377,0,Twitter for Android,0,[]
2021-05-17 01:10:55,"b'Terobosan Mensos Tri Rismaharini Kabinet #IndonesiaMaju Presiden @jokowi memperkenalkan DTKS (Data Terpadu Kesejahteraan Sosial) yang berguna untuk kebutuhan masyarakan dalam mendaftar, menerima BANSOS bahkan melaporkan jika ada temuan penyelewengan https://t.co/oRluolaMcG'",1394098067964497921,pnugroho28,0,Twitter for Android,0,['IndonesiaMaju']
2021-05-17 01:09:23,b'RT @PresidenKopi: Assalamualaikum @KPK_RI minal Aidin walfaidzin \xf0\x9f\x99\x8f. selamat bekerja. Dan jangn lupa istighfar ya. Semoga kasus2.\nAsabri \nJi\xe2\x80\xa6',1394097682101149697,Ababil13251351,14,Twitter for Android,1,[]
2021-05-17 01:00:23,"b'@BloonGebuk @TofaTofa_id KASUS ASABRI,BANSOS,JIWASRAYA,REKLAMASI,MEYKARTA,TRANS JKRT,SUMBDR WARAS,EKONOMI HANCUR,DLL APA ITU KESUKSESAN?'",1394095420280741890,Icu663,0,Twitter for Android,1,[]
2021-05-17 00:59:30,"b'RT @K1_7123J0: Jika memang peduli rakyat, tentunya segala hal terkait wabah akan digratiskan, tak ada infromasi simpang siur dan tentu tran\xe2\x80\xa6'",1394095194652303364,SunandarAyi,6,Twitter Web App,1,[]
2021-05-17 00:59:08,"b'Kita padaan tinggal di Depok, tapi kok VAKSINNYA DI SUNTER? GA BISA DI DEPOK AJA GITU? Juga kalau ada acara apa-apa biasanya orang RW yang ke rumah cuy kek semprot DBD, iuran bulanan, bansos kopit. Ini udah ga pake nametag, gaada logo Kemenkes, maksa bgt lgi.'",1394095103925538822,baubedak,0,Twitter for Android,0,[]
2021-05-17 00:55:37,"b'RT @kemenkopmk: #SahabatPMK, Jelang Hari Raya Idul Fitri 1442 Hijriyah, pemerintah mengupayakan percepatan penyaluran bansos. Baik itu PKH,\xe2\x80\xa6'",1394094221049561091,Priha_TR,10,TweetCaster for Android,1,['SahabatPMK']
2021-05-17 00:50:21,"b'Cara Cek Penerima BLT UMKM Rp 1,2 Juta, Login https://t.co/uJHUd39FPO, Berikut Syarat Pencairannya\nhttps://t.co/ROhD3KYgDD \n#BLT #UMKM #Bansos #COVID19'",1394092892256292867,tribunkaltim,0,Twitter Web App,0,"['BLT', 'UMKM', 'Bansos', 'COVID19']"
2021-05-17 00:45:27,"b'RT @GarengHallu: Lewat New Data Terpadu Kesejahteraan Sosial ,kita bisa mendaftar penerimaan bansos.\n\nJokowi Gas Pol Reformasi Birokrasi ht\xe2\x80\xa6'",1394091661215428611,budigila9,3,Twitter for iPhone,1,[]
2021-05-17 00:45:08,"b'RT @K1_7123J0: Jika memang peduli rakyat, tentunya segala hal terkait wabah akan digratiskan, tak ada infromasi simpang siur dan tentu tran\xe2\x80\xa6'",1394091582429614091,GnW_1_kuli,6,Twitter Web App,1,[]
2021-05-17 00:43:01,"b'@maspiyuaja Awas pengalihan isu, tetap usut tuntas kasus 6 laskar, kawal si maling bansos !!!'",1394091047186165763,RDharmawan17,0,Twitter for iPhone,0,[]
2021-05-17 00:42:33,"b'Jika memang peduli rakyat, tentunya segala hal terkait wabah akan digratiskan, tak ada infromasi simpang siur dan tentu transparan. Jika rakyat sehat negara kuat, nggak akan menjadi negara miskin gara gara menyehatkan rakyatnya. Tapi ya sudahlah, bansos aja dikorupsi kok.'",1394090931519819780,K1_7123J0,6,Twitter for Android,0,[]
2021-05-17 00:41:37,"b'@Nicho_Silalahi saking banyaknya issu di rezim ini sampe sering lupa fokus nya, krn masalah satu blm kelar masalah lain muncul ... HAM, ekonomi meroket, utang menggunung, UU Cilaka, rev UU KPK, Mega Korupsi, Bansos, Implementasi UU IT, covid-19, tdk sinkronnya kebijakan, terakhir tes TWK KPK ...'",1394090694038343683,asfan_warah,0,Twitter for Android,0,[]
2021-05-17 00:36:55,b'@FerdinandHaean3 Kenapa lu repot tu dana bansos knp ko gak diaudit lu Yahudi knp ngurusi dana sumbangan masyarakat mrk iklhas knp mesti di audit lu nyumbang brp nand lu kan pro Israel jd ribut kalo warga nyumbang ke Palestina gak usah ribut urusi dirimu sendiri aja gak becus ngurus orang',1394089513966702592,Wahyu39386505,0,Twitter for Android,0,[]
2021-05-17 00:30:13,"b'@ttheomanalu Benar, ekonomi bangsa ini sedang baik\xc2\xb2 saja, bahkan bila perlu Negara sebaiknya menghentikan Bansos covid19.'",1394087826577186818,dsangg377,0,Twitter for Android,0,[]
2021-05-17 00:29:21,b'RT @PresidenKopi: Assalamualaikum @KPK_RI minal Aidin walfaidzin \xf0\x9f\x99\x8f. selamat bekerja. Dan jangn lupa istighfar ya. Semoga kasus2.\nAsabri \nJi\xe2\x80\xa6',1394087609291268096,TeWe51,14,Twitter for Android,1,[]
2021-05-17 00:24:58,b'Apakabar dengan madam bansos?? Kyaknya merka brrhasil LOLos dengan issue dan kasus lain yang ada saat ini.. Taukan kasus apa??.. Bulshitlah penegakan antikorup di negri dongeng ini.. https://t.co/177GIlAi9k',1394086506818461697,Rifki11529745,0,Twitter for Android,0,[]
2021-05-17 00:22:35,b'Komisi III DPR Ingin Korupsi Bansos Siak Segera Ada Tersangka - https://t.co/DOQGWH05sT https://t.co/ceuc5cU20z https://t.co/tgEiK1n4vc',1394085905766383616,wisatasiak,0,dlvr.it,0,[]
2021-05-17 00:18:46,"b'@alvin_zani @angelasarca Yg berani ungkap madam bansos, harun masiku dan mngungkap km50.Layaklah jd presiden, tp bkn drama drama. \xf0\x9f\x98\x89'",1394084946407350274,riewehh,0,Twitter for Android,0,[]
2021-05-17 00:17:05,b'RT @PresidenKopi: Assalamualaikum @KPK_RI minal Aidin walfaidzin \xf0\x9f\x99\x8f. selamat bekerja. Dan jangn lupa istighfar ya. Semoga kasus2.\nAsabri \nJi\xe2\x80\xa6',1394084523646668803,BralingIwan,14,Twitter for Android,1,[]
2021-05-17 00:15:19,b'Informasi Pendaftaran Penerima Dana Bansos Tahun 2021 Mengatasnamakan Pemprov DIY https://t.co/zq3UfvGLYx',1394084079046324225,cirtbuleleng,0,Twitter Web App,0,[]
2021-05-17 00:14:37,"b'RT @WagimanDeep212_: Kalo cumak dipecat terlalu enak...\nPidanakan sperti koruptor Bansos, https://t.co/opZDxqAE2n'",1394083900800978944,retnodewoyani,39,Twitter Web App,1,[]
2021-05-17 00:14:06,"b'Bansos tuh yang pada dikorupsi. Donasi untuk Palestina mah nyampe, yg ngelola orangnya profesional'",1394083770240667650,naser_jgj,1,Twitter for Android,0,[]
2021-05-17 00:05:30,b'RT @PresidenKopi: Assalamualaikum @KPK_RI minal Aidin walfaidzin \xf0\x9f\x99\x8f. selamat bekerja. Dan jangn lupa istighfar ya. Semoga kasus2.\nAsabri \nJi\xe2\x80\xa6',1394081607003246593,SMujsin,14,Twitter for Android,1,[]
2021-05-17 00:04:35,"b'RT @WagimanDeep212_: Kalo cumak dipecat terlalu enak...\nPidanakan sperti koruptor Bansos, https://t.co/opZDxqAE2n'",1394081375339245568,SWaaluyo,39,Twitter for Android,1,[]
2021-05-17 00:01:06,b'@Megatop99 @conan_idn https://t.co/qJw7NOa6lk upaya penghancuran fasilitas di gaza adalah untuk melemahkan dukungan rakyat gaza pada hamas yg konsiaten berjuang dgn perlawanan senjata dan satu sisi Palestine berjuang dg diplomacy',1394080500814204928,asasfuro,0,Twitter for Android,0,[]
