Tanggal;Tweets;Sentiment;ID;Screen Name;Banyak Retweet;Source;Retweet Status;Hashtags;
08/05/2021 23:52;b'@GagalkanBuzzeRP @Pencerah__ @aniesbaswedan @basuki_btp Termasuk ni ya Drun ..,\n\nhttps://t.co/Oi0PlCpVAI';;1,39E+18;Jazz24632;0;Twitter for iPhone;0;[];
08/05/2021 23:50;b'@geloraco Yang korupsi bansos ya itu juga';0;1,39E+18;mmmumuw;0;Twitter Web App;0;[];
08/05/2021 23:42;b'@tamaitoeipoell @FiersaBesari Kan gk punya duit gimana sih, hutang dah 6400T bentar lg PPN naik jd 15%, insentif nakes aja gk dibayar apalagi duit buat nganter, bansos masih dikorupsi pula\xf0\x9f\xa4\xa3\n\nYg anggaran nya naik ya cuma buat aparat2, narasi2 radikul+teloris jadi2an bikin cepet cair';0;1,39E+18;kulit_kwaci;0;Twitter for Android;0;[];
08/05/2021 23:36;b'@Bang_Tuhasan Biasa  hibah bansos\xf0\x9f\x98\x9d';1;1,39E+18;Geelysp;0;Twitter for Android;0;[];
08/05/2021 23:34;b'@eko_kuntadhi Yang ada juga PKI ( partai kumpulan iblis ) ciri2 nya merasa paling bener sendiri, anggota nya suka ngerampok duit rakyat dari segala sumber bahkan bansos buat rakyat kecil juga di rampok mau bukti apalagi bong .?';0;1,39E+18;muhamaddaudabd3;0;Twitter for Android;0;[];
08/05/2021 23:33;b'Cek Penerima Bansos PKH dan BPNT, Akses Link https://t.co/FQMdLhnspx, Ini Panduannya\n \nhttps://t.co/ITSnfhWCxP lewat @tribunnews';1;1,39E+18;Khairul46373843;0;Twitter for Android;0;[];
08/05/2021 23:29;b'Banjingan2 kumpul... https://t.co/KnNFAizew5';0;1,39E+18;emzearfn;0;Twitter for Android;0;[];
08/05/2021 23:21;b'@alisyarief Pengaburan, pembiasan, penyesatan untuk menarik simpati Non-Muslim. Sy yg Non-Muslim aja geram dan marah liat (pidato) itu, Pak. Sulit utk menumpulkan logika bahwa (pidato) itu cari muka &amp;0;;;;;;;
08/05/2021 23:21;b'@republikaonline BERSAMA MEMATIKAN MIC\n\nBERSAMA KORUPSI\n\nBERSAMA TIKUS BANSOS\n\nBERSAMA HARUN MESIKU\n\nBERSAMA MEMERAS PANCASILA\n\n#PresidenHobiBipang \n#PresidenHobiBipang';0;1,39E+18;Muslim_AntiPKI;5;Twitter for Android;0;['PresidenHobiBipang', 'PresidenHobiBipang'];
08/05/2021 23:19;b'REKENING NAMA FIKTIF BANSOS PKH 21.156.000 TABUNGAN BRI DARI TAHUN 2017#2021 SEBESAR 542 TRILIUN BISA BIKIN TOL ACEH SAMPE LAMPUNG PLUS JEMBATAN SELAT SUNDA@ TARIF NYA BISA MURAH/SEMBAKO MURAH# PENGGERAK EKONOMI HIDUP$$ https://t.co/LAycJCELyw';0;1,39E+18;H4P5i;0;Twitter Web App;0;[];
08/05/2021 23:11;b'@Exc_Herdys @eko_kuntadhi belum tau kau di sini ada partai kumpulan garong.... bansos pun diembat!';0;1,39E+18;saudagarovi;0;Twitter Web App;0;[];
08/05/2021 23:06;b'@UyokBack Mereka nggak tau alasannya kenapa babi tu nggak boleh dimakan, sedangkan dhab boleh ... karena dalil dalam agama Islam ... babi haram, dhab halal walaupun Rasulullah kurang menyukainya ...\nNamun utk cebong dungu ... semuanya halal ... korupsi dana bansos, recehan dari memfitnah';0;1,39E+18;GarundangGadang;0;Twitter for Android;0;[];
08/05/2021 23:04;b'@andikabina @KompasTV @msaid_didu Biar madam bansos sm ank pk lurah g diusut';0;1,39E+18;cibel_tompelan;0;Twitter for Android;0;[];
08/05/2021 22:44;b'RT @BennyHarmanID: Ini yang Dilaporkan Risma ke KPK,21 juta data ganda penerima Bansos. Jika laporan Risma betul, KPK harus kuat dan tegar.\xe2\x80\xa6';0;1,39E+18;WinarniBudi;1215;Twitter for Android;1;[];
08/05/2021 22:41;b'Yg jelasx Bipang Terpleset/di plesetkan akhirx Sukses Laku keras Hingga kabar gembira Dari KaPaK Buat para garong  bgitupun Cicilan Utang menggunung terlupakan yaa ?!\n*Kira2 kasus duit bansos hingga semua BUMN yg duitx di jarah apa berakhir kyk kasus EKTP yaa *balikin duit ?!';0;1,39E+18;mathsoul1;0;Twitter for Android;0;[];
08/05/2021 22:39;b'@geloraco Firli, jenderal bintang tiga, ukir prestasi makan anak buahnya sendiri, soal harun masiku, madam dan anak lurah di bansos, apalagi aziz syamsudin malah ga ada progresnya.\nKPK dilemahkan korupsi merajalela, target antek\xc2\xb2 PKC kuasai Indonesia.';0;1,39E+18;MensosJ;0;Twitter for Android;0;[];
08/05/2021 22:38;b'@ridwanhr Sing penting rame, korupsi bansos, Jiwasraya, Asabri, BLBI, dll lupa..';0;1,39E+18;riswan__bae;0;Twitter for Android;0;[];
08/05/2021 22:37;b'@JeffBond777 @Dennysiregar7 \xf0\x9f\x98\x82\xf0\x9f\x98\x82 duit kecil lu ributin. Noh bansos d habisin sama Mentri dari partai junjungan luuuuuuuuu.';0;1,39E+18;SMoehammadd;0;Twitter for Android;0;[];
08/05/2021 22:36;b'@unilubis @KPK_RI 75 orang itu skrg sedang menangani Kasus apa saja ya, apkh ada yg sdg menangani kasus Bansos dan ekspor benur?  \xf0\x9f\x98\xb1';0;1,39E+18;wazacky;0;Twitter for Android;0;[];
08/05/2021 22:31;b'@Jazz24632 @Pencerah__ @aniesbaswedan @basuki_btp Udahlah. Mending lu nasehatin org2 lu. Mini market g ngerugiin uang negara. Beda sama koruptor bansos.\n\nG sadar diri apa? Mslh g henti2, mulai dari bencana alam, smp soal gagalnya rencana. Seolah g pernah dikasih istirahat.\nTp, apa iya, Tuhan mau berpihak sama koruptor?';0;1,39E+18;GagalkanBuzzeRP;0;Twitter for Android;0;[];
08/05/2021 22:30;b'Novel Baswedan\nBuku merah impor daging sapi\nRekening Gendut\nSimulator SIM\nBLBI\nSKL\nNEWMONT NUSA T\nAMMAN\nBANGGAI , REKIND\nBANSOS JULIARI BATUBARA\nJHONLIN BARATAMA\nGUNUNG MADU\nBANK PANIN\nANGIN PRAYITNO\nHONGGO  W , BP MIGAS\nHARUN MASIKU\nBANK CENTURY\nHAMBALANG\nE  KTP\nPETRAL\nTRANS JKT https://t.co/0NemOsIGpL';0;1,39E+18;mulyati_yayan;1;Twitter for Android;0;[];
08/05/2021 22:27;b'Bagi Anda yang tengah menanti pencairan bansos 2021, silakan cek cara mudahnya';1;1,39E+18;Rohyati99327284;0;Twitter for Android;0;[];
08/05/2021 22:26;b'@KompasTV Kl pun OTT korupsi bansos hukumannnya ga maksimal(MATI).pdhl terjadi saat pandemi,@KPK_RI ! OTT oleh lembaga.bukan perorangan.Jd msh bs dilanjut oleh yg lolos tes!\nGiri ini subordinat dgn umumin pegawai2 yg tak lolos ke publik.pdhl Pimpinan blm rilis nama pegawai ybs.\n@kanal_kpk';0;1,39E+18;boyke_bond_Jr;0;Twitter Web App;0;[];
08/05/2021 22:21;b'@JRizkiyan @iamrifb @DCP_CCC_Delhi @jokowi Pak guru duwe Twitter rek. Ihir, pasti mo mint bansos nih.';0;1,39E+18;cahdiavt_;0;Twitter for Android;0;[];
08/05/2021 22:20;b'@pledis_17 Nie lagi pada antri bansos y';0;1,39E+18;chwetrl;0;Twitter for Android;0;[];
08/05/2021 22:18;b'@IrnaLee5 @BersamaSahabat4 Oo iya ya..., Ada koruptor yg ngumpet dan ada yg ngumpetin ampe gini hari ngak ketemu dr partai apa ya???\nMenteri yg korupsi bansos dr partai apa???\nMenteri yg korupsi import benih lobster dr partai apa?? Apkh ini jg dr partai yg ngak jls????\nJd tergantung orgnya kali.';0;1,39E+18;A5epGrt;0;Twitter for Android;0;[];
08/05/2021 22:14;b'@seno_bolo @BersamaSahabat4 Oow...., Yg ngumpet dan yg ngumpetin.koruptor siapa dan dr partai apa???\nMenteri yg korupsi bansos dr partai apa, menteri yg korupsi import lobster de partai apa???\nIntinya tergantung manusianya..iya kan???\xf0\x9f\x98\x82';0;1,39E+18;A5epGrt;0;Twitter for Android;0;[];
08/05/2021 22:14;b'@YRadianto ini bansos komunitas motor trail bukan mudik lebaran 2021';0;1,39E+18;Mase02551901;0;Twitter for Android;0;[];
08/05/2021 22:10;b'@republikaonline Kl pro pancasila tuh ga korupsi bansos';0;1,39E+18;DjafarTamtama;0;Twitter for Android;0;[];
08/05/2021 22:02;b'@lovvvlly Alhamdulillah siapa tau dapet bansos \xf0\x9f\x98\xad\xf0\x9f\x99\x8f';1;1,39E+18;Mingyusdd;0;Twitter for Android;0;[];
08/05/2021 21:58;"b'""Oh, A Wibi teh kerjanya jadi wartawan?\nSuka ke sekolah-sekolah sama ke kelurahan/desa gitu atuh?\nKalo dana BOS cair, bansos cair, wartawan suka dateng biasanya kan.""\n\nBodrek, bodrek... https://t.co/4uqk2gb4xQ'";0;1,39E+18;wbpratama;0;Twitter for Android;0;[];
08/05/2021 21:56;b'Covid di Indonesia menghancurkan segalanya. Dimulai dari korupsi dana bansos sampai keagamaan pun dibatasi rakyat kecil lah yang sangat terkena dampak pandemi tak masuk akal ini. Masih banyak lainnya aturan - aturan yang memperbanyak masalah bukan mencari solusi yang tepat.';0;1,39E+18;jiyujiyuen;0;Twitter for Android;0;[];
08/05/2021 21:55;b'Hehe..kan maunya gitu, biar korup sejenis bansos amaaaaan.. https://t.co/MRyYBfJBjH';0;1,39E+18;winsoul64;0;Twitter for Android;0;[];
08/05/2021 21:52;b'@HamidRaizan @yuyudhaaa @TahuTahuBulat1 @pramadyaya @misgianto2 @PNS_Ababil @salurantersier Untuk bansos master data nya dari BPS tapi di update berkala oleh kemensos itu udah ada MoU nya (tp yg baru ini kayaknya data bansos master datanya kemensos ambil sndiri) .. Kalo soal dewa ke dewa biasanya ada nota perjanjianya gak sih.. Kurang ngerti sih..';0;1,39E+18;tioarasp;0;Twitter Web App;0;[];
08/05/2021 21:49;b'@Dekade1998 @nahdlatululama @Lakpesdam_PBNU Orang gw gk ngantri bansos anying wkwk, noh junjungan lu, anak buahnya korupsi bansos, duitnya ngalir ke partai gak tuh \xf0\x9f\xa5\xb4\xf0\x9f\xa5\xb4\xf0\x9f\xa5\xb4\xf0\x9f\xa5\xb4';0;1,39E+18;adarocons;0;Twitter for iPhone;0;[];
08/05/2021 21:47;b'@adarocons @nahdlatululama @Lakpesdam_PBNU Eh salahhhh... ada Bab**** lg ngepet\nngaku bayar pajak tp ngantri bansos..\nanak lonte.. muehe he he he..';0;1,39E+18;Dekade1998;0;Twitter for iPhone;0;[];
08/05/2021 21:43;b'@mula31 @KompasTV Tinggal liat???udeeee. Bansos segala BPJS dll dikorupsi grup redbul kita mah bisanya cuma tinggal liat. Dasar lu bipang, cebi panggang \xf0\x9f\xa5\xb5';0;1,39E+18;lestrangeina;0;Twitter Web App;0;[];
08/05/2021 21:41;b'@effendymuchid70 @HaryantoMarijan @HukumDan Emosi kaga jelas.. Nulisnya berantakan.\nG kebagian bansos y?';0;1,39E+18;iniabrar;0;Twitter for Android;0;[];
08/05/2021 21:40;"b'@mouldie_sep Loh yaiya, supaya gak ada kasus korupsi bansos dan KKP lagi, ya diselesaikan dong,\n""Penyidiknya""'";0;1,39E+18;syifaoryza;0;Twitter for Android;0;[];
08/05/2021 21:36;b'madam bansos jadi guru besarZz... https://t.co/6qPujUfhqa';0;1,39E+18;maungngomul;0;Twitter for iPhone;0;[];
08/05/2021 21:34;b'@jawapos @joserasyid Pernah denger buzzeRp ngangkat isyu korupsi..? Soal Bansos yang disunat, Asabri, Jiwasraya sampe lolosnya koruptor kelas kakap Sjamsul Nursalim lewat SP3 KPK....??';0;1,39E+18;NurmansyahAffa1;0;Twitter for Android;0;[];
08/05/2021 21:27;b'@itulah_akuu @ganjarpranowo Gak perlu bansos gak perlu mangan, sing penting jangan mudik gak urus mangan ora mangan, gak urus kerja ora kerja.';0;1,39E+18;pengenjadi7;0;Twitter for Android;0;[];
08/05/2021 21:26;b'@febridiansyah @Reiza_Patters Bang, apa bener bang Novel dkk harus disingkirkan gara2 kasus bansos yg sudah mengarah ke MADAM dan ANAK PAK LURAH...?';0;1,39E+18;Bambang07000838;0;Twitter for Android;0;[];
08/05/2021 21:24;b'@KompasTV Sdh terang2 an negara ini membenci org2 yg benci Dng korupsi dan koruptor\xe2\x80\xa6wacana hukuman mati korupsi bansos kmrn itu Hanya utk main2 an dan lip service agar tak kehilangan muka para penangku jabatan itu.:skrg jls terbukti\xe2\x80\xa6';0;1,39E+18;alboy_aboe;0;Twitter for iPhone;0;[];
08/05/2021 21:22;b'@cholilnafis sebenarnya lebih berharap pak @jokowi endorse Polri.... biar lebih semangat cari Harun Masiku, Selesaikan Korup Bansos dkk nya, beri semangat Densus segera berantas KKB dll...\n\nmalah endorse Babi...';0;1,39E+18;HendrasmaraWow;0;Twitter for Android;0;[];
08/05/2021 21:17;b'Untuk sementara kasus Gisel, KKP, Bansos... AMAN https://t.co/mquIRSSh12';0;1,39E+18;dhox_tmg2504;0;Twitter for Android;0;[];
08/05/2021 21:16;b'@budimandjatmiko @xnact Kalo mau ketemu mahluk jenis ini, bawa juga paket sembako ama materai 10rb, bung. Kasian, gagal dapet bansos ama bantuan UMKM, jadi gonggongannya berubah meringkik';0;1,39E+18;UjumJumadi;0;Twitter Web App;0;[];
08/05/2021 21:16;b'@yuyudhaaa @tioarasp @TahuTahuBulat1 @pramadyaya @misgianto2 @PNS_Ababil @salurantersier Kalau mau bagi bansos ?\nKalau mau beri persetujuan KUR ??\nKita sedang bilang permintaan data yang sampai lewat eselon1, bukan Permintaan data skripsi rilis publik.';0;1,39E+18;HamidRaizan;0;Twitter for Android;0;[];
08/05/2021 21:13;b'@HisyamMochtar Indeed trik pinokio utk pengalihan isu penguburan kpk, isu maduknya cina berbondong bobdobg, isu mudik yg menyengsarakan, korupsi bansos penetima ganda wah banyak utk mengalihkan perhatian rakyat... Bobeka mah mau saja disuruh bikin ribut apa itu namanya peminpin Janncuuuk';0;1,39E+18;atikah_tiktik;0;Twitter for Android;0;[];
08/05/2021 21:12;b'@mula31 @KompasTV Judul aslinya seharusnya 9 dari 75 yg bego, sdg menangani kasus bansos &amp;0;;;;;;;
08/05/2021 20:56;b'@_AnakKolong @me_thefarmer Kyk cerita madam bansos yaa,kasusnya dihilangkan';0;1,39E+18;Sikkam9;0;Twitter for Android;0;[];
08/05/2021 20:56;b'@maulanar04 @Hilmi28 Kegaduhan sengaja di buat agar rakyat ribut dng hal2 yg sepele, hingga melupakan masalah2 besar yg sedang terjadi , seperti koruptor bansos,kasus km50,masuk nya TKA asing dll';0;1,39E+18;aminprasetyo14;0;Twitter for iPhone;0;[];
08/05/2021 20:55;b'@Algo_Kun Btw, yang bisa membuat rakyat marah bukan pada kebijakan lockdownnya, melainkan pada apakah kebutuhan sehari-hari mereka sanggup ditanggung pemerintah? Sekali lagi, bansos itu untuk menyempurnakan kekurangan, bukan menutupi seluruh kebutuhan.';0;1,39E+18;ierv295;0;Twitter for Android;0;[];
08/05/2021 20:49;b'@yusuf_dumdum @me_thefarmer Madam bansos n hairy gimana ceritanya?';0;1,39E+18;Sikkam9;0;Twitter for Android;0;[];
08/05/2021 20:48;b'@LH_265 Apaan nih, jualannya msh radikal-radikul tapi kelakuan ngembat bansos &amp;0;;;;;;;
08/05/2021 20:43;"b'Bansos dan benur aja ""dihalalkan"" untuk dikorupsi oleh para menteri Jokowi apalagi cuma babi https://t.co/wxR97T0mXF'";0;1,39E+18;HRobertSdryono;0;Twitter for Android;0;[];
08/05/2021 20:41;b'@bbrightbar @dikkambelz Pasti akan hijau dan cair..cek lagi setiap hari.Saya gak dapat Bansos apa apa,cuma saya ngasi tahu caranya kpd org lain yg blm faham pakai HP android.Biarpun saya gak dapat bansos apa2,meskipun sdh kirim berkas dan sesuai dgn syarat,gak apa2lah..saya tetap jokower sejak dulu.';0;1,39E+18;Megatop99;0;Twitter for Android;0;[];
08/05/2021 20:40;b'@ierv295 Seharusnya bansos berjalan dengan baik tergantung orang orang tertentu yang korupsi atau rakyat yang kurang persyaratan, di indonesia dilakukan di beberapa daerah yang covidnya udah tinggi, menurut saya rakyat bakal marah karena dilakukan lockdown tp tempat mereka aman dari covid';0;1,39E+18;Algo_Kun;0;Twitter for Android;0;[];
08/05/2021 20:32;b'@dayatia Poinnya bukan di korupsinya.. tapi di bansos dan KKPnya.';0;1,39E+18;tahamaaruf;0;Twitter for Android;0;[];
08/05/2021 20:14;b'@SusanHasana Segitu heboh bansos sm reset pin pdhl setiap harinya \xf0\x9f\x98\x86';0;1,39E+18;dineolivia;0;Twitter for iPhone;0;[];
08/05/2021 20:14;b'Belum lagi banjir .. longsor .. dll .. makanya koruptor bansos .. kalau gak mau di hukum maksimal .. semuanya angkut masukin penjara .. itu kalau emang serius';0;1,39E+18;selebcuit;2;Twitter Web App;0;[];
08/05/2021 20:08;b'analoginya di giniin ajadeh biar mereka paham. keinginan rakyat untuk mudik sama besarnya dengan dana bansos covid yg bapak korupsi.';0;1,39E+18;kedatanganbulan;1;Twitter for iPhone;0;[];
08/05/2021 19:31;b'@ahmadmubarok019 @lurahgoodie @LeniRumiati @CNNIndonesia Apaan bansos nya aja dikorupsi... hahaaha...tetap semamgat mas !! :))';0;1,39E+18;stafsus_dagelan;0;Twitter for Android;0;[];
08/05/2021 19:26;b'@David_kayadu1 @AliNgabalinNew Termasuk juliari batubara ya yg korupsi dana bansos juga Kadrun bukan?';0;1,39E+18;Jurig04554032;0;Twitter for Android;0;[];
08/05/2021 19:17;b'@UyokBack Ibarat ular yg keluar dari kotaknya menari setelah majikannya meniup seruling....\n\nPengalihan isu :\n\xf0\x9f\x91\x89 penzaliman IBHRS cs &amp;0;;;;;;;
08/05/2021 19:11;b'@Om_Bregas1 Dikiranya mayoritas rakyat kita kadrun \nGa malu ga ngakui presiden nyinyrin presiden giliran dapat bansos mingkem';0;1,39E+18;rozikaspu;1;Twitter for Android;0;[];
08/05/2021 19:09;b'Yaelah perkara presiden nyebut babi guling aja ribut wkwkwkwk \n\nNoh sidang bansos dah sampe mana wkwk';0;1,39E+18;DarkRians;0;Twitter for Android;0;[];
08/05/2021 18:52;b'@lurahgoodie @LeniRumiati @CNNIndonesia Besok habis Antre bansos makan bipang yuk. Drun \xf0\x9f\xa4\xa3\xf0\x9f\xa4\xa3\xf0\x9f\xa4\xa3\xf0\x9f\xa4\xa3\xf0\x9f\xa4\xa3\xf0\x9f\xa4\xa3\xf0\x9f\xa4\xa3\xf0\x9f\xa4\xa3';0;1,39E+18;ahmadmubarok019;0;Twitter for Android;0;[];
08/05/2021 18:50;b'@lurahgoodie @LeniRumiati @CNNIndonesia Otakmu dipakai dikit aja drun \xf0\x9f\xa4\xa3\xf0\x9f\xa4\xa3\xf0\x9f\xa4\xa3\xf0\x9f\xa4\xa3\xf0\x9f\xa4\xa3 kebanyakan bipang, yg keluar bansos \xf0\x9f\xa4\xa3\xf0\x9f\xa4\xa3\xf0\x9f\xa4\xa3butuh bansos kah. Kalau mau nanti disalurkan \xf0\x9f\xa4\xa3\xf0\x9f\xa4\xa3\xf0\x9f\xa4\xa3\xf0\x9f\xa4\xa3';0;1,39E+18;ahmadmubarok019;0;Twitter for Android;0;[];
08/05/2021 18:49;b'@ahmadmubarok019 @LeniRumiati @CNNIndonesia Bani Bipang LONTE \xf0\x9f\x90\xb7\xf0\x9f\x90\x96\xf0\x9f\x98\x84\xf0\x9f\x98\x82\n\nlondo item koruptor bansos \xf0\x9f\x96\x95\xf0\x9f\x96\x95\xf0\x9f\x96\x95';0;1,39E+18;lurahgoodie;0;Twitter Web App;0;[];
08/05/2021 18:48;b'@untukrakyat_ kunaom yeuh a bansos:(';0;1,39E+18;maleshdahgua;0;Twitter for Android;0;[];
08/05/2021 18:47;b'@ahmadmubarok019 @LeniRumiati @CNNIndonesia Bani Bipang LONTE \xf0\x9f\x90\xb7\xf0\x9f\x90\x96\xf0\x9f\x98\x84\xf0\x9f\x98\x82\n\nlondo item koruptor bansos \xf0\x9f\x96\x95\xf0\x9f\x96\x95\xf0\x9f\x96\x95';0;1,39E+18;lurahgoodie;0;Twitter Web App;0;[];
08/05/2021 18:30;b'Lebaran tahun lalu : mudik vs pulang kampung\nLebaran tahun ini : bipang Ambawang \n\napa kabar gaji ASN? apa kabar TK WNA China? apa kabar   pelemahan KPK? apa kabar GARONG BANSOS? apa kabar HUTANG INDONESIA? apa kabar DWI FUNGSI P0LR1? apa kabar T3R0R1S 0PM? apa kabar BADAN RISET?';0;1,39E+18;catwhocode;2;Twitter Web App;0;[];
08/05/2021 18:11;b'@satriohendri @idafauziyah @menakertrans Pertanyanya jgn sampai 21 juta penerima bansos yg masi siluman dn bisa disiapkan jadi 21 juta ktp buat WNA.';0;1,39E+18;hidayatj84;3;Twitter for Android;0;[];
08/05/2021 18:00;b'@TaufikDamas Jaman SBY parte penguasa dan koalisinya di hajar KPK,  akibatnya mereka langsung terpuruk,\nMungkinkah gara gara kasus Bansos dan expor  Benur yg bisa jadi  ujungnya akan menyeret banyak ptinggi parte   menjadikan KPK  di obrak abrik?';0;1,39E+18;wibisonho;0;Twitter for Android;0;[];
08/05/2021 17:57;b'@Inkaputri81 @febridiansyah Cie cie kadrun wati panas ya buka tu cadar,,dan ambil bansos gratis tu entar lak nggak ngoceh lg hhhh ,,ya iya lah lo gak butuh tol lawong hidup lo di gua';0;1,39E+18;khaf72;0;Twitter for Android;0;[];
08/05/2021 17:54;b'@febridiansyah Yakinlah Anda akan terus diserang buzzeRp koruptor Bansos dan buzzeRp pimpinan KPK untuk menutupi siasat busuk mereka. Anak Kolong itu buzzer rejim yg sangat aktif, terima proyek apa saja.';0;1,39E+18;RPanggaleh;0;Twitter Web App;0;[];
08/05/2021 17:51;b'@MuthiaSayekti Ga tanggung2 dzalim nya parah hiks, bansos di korup ,gaji nakes ga turun2, alat swab bekas, wna bebas masuk bobrok nya total bgt \xf0\x9f\xa4\xa3';0;1,39E+18;fyandriyani;0;Twitter for iPhone;0;[];
08/05/2021 17:50;b'@armyellw beda kalo bukber sm temen w anjrit malah kaya penerimaan dana bansos &amp;;;;;;;;
08/05/2021 17:43;b'Buset jipang bipang aja pada ribut madam bansos, pak lurah dan anak nya cuma nobar \xf0\x9f\x98\x82';0;1,39E+18;hakieeem;0;Twitter for Android;0;[];
08/05/2021 17:39;b'@Dennysiregar7 Yang maling bansos makin seneng aja tertutup sama bipang';0;1,39E+18;Antonrusdiyant4;0;Twitter for Android;0;[];
08/05/2021 17:33;b'@iwanfals https://t.co/hf3uqgFmLQ\nEmang ada yg korupsi bansos\xf0\x9f\xa5\xb1.\n\nIket  tali ban,ramein radikal,radikul.. https://t.co/ghK0QeMDll';0;1,39E+18;apangyaa;0;Twitter for Android;0;[];
08/05/2021 17:33;b'@unilubis @KPK_RI Betul.. yang lucu kebanyakan dari mereka yang menangani kasus korupsi bansos.. ada apa semuanya ini';0;1,39E+18;febriramadan26;0;Twitter Web App;0;[];
08/05/2021 17:26;b'Sangat menyedihkan mengatahui hal ini, masih menjadi pertanyaan dimana prioritas negara sekarang? Vaksin? Bansos? Atau apa? Ini kesejahteraan nakes yang mereka juga fron liner juga belum terpenuhi HAKNYA!! https://t.co/8YBX2tANUy';0;1,39E+18;khalidasyaa;0;Twitter for Android;0;[];
08/05/2021 17:17;"b""Semakin terang benderang...\nBansos jadi bancak an penguasa\n\n----'\nBeberapa Pegawai KPK yang Tak Lolos TWK Ternyata sedang Tangani Korupsi Bansos sampai KKP https://t.co/QjSlqVPWwm""";0;1,39E+18;YusnalOezer;0;Twitter for Android;0;[];
08/05/2021 17:11;b'@detikcom Pengalihan isu\nKawal terus KPK dan Bansos';0;1,39E+18;reshawara;0;Twitter for iPhone;0;[];
08/05/2021 17:04;b'@KompasTV Naah loooh. Ketahuan kan @KPK_RI ? Mau cuci tangan madam Bansos, anak pak lurah, Herman Herry n the genk. Dah laah sepandai-pandai tupai meloncat, dia bakalan jatuh. Gak ada yang kebetulan di dunia ini. \xf0\x9f\xa4\x94\xf0\x9f\x98\x8f';0;1,39E+18;MamaLegend1;0;Twitter for Android;0;[];
08/05/2021 17:03;b'@Wanc_15M4_69 @TjwanSwie @msaid_didu Ni orang goblok ngegas... Jiwasraya, asabri, jaman spa lol, knp rezim sblmnya gk brani tangkap, knp baru rezim ini yg brani tangkap? \nKorupsi bansos lsg di kerangkeng tu';0;1,39E+18;Yitno57;0;Twitter for Android;0;[];
08/05/2021 17:01;b'@si_gumarapoes @indramay0708 @ApenSuhendra @jokowi @kbri @KemensosRI @Menlu_RI @KemensetnegRI \xf0\x9f\x98\x86ganas bener\nyg ngembat bpjskt jiwasraya bansos piye jal d situ ada uang mu loh';0;1,39E+18;ujesquadartic;0;Twitter for Android;0;[];
08/05/2021 16:59;b'@YourEgoKiller @wyalwy @harfauzia seperti yang kita tahu beberapa waktu yang lalu, Pak Juliari Batubara terlibat korupsi bansos Covid-19, dan itu sangat melukai hati masyarakat ditengah pandemi ini, jadi ya mohon maaf aja, susahnya warga +62 itu juga bisa dikatakan kesalahan pemerintah...(cont..)';0;1,39E+18;PetroekvanDjava;0;Twitter Web App;0;[];
08/05/2021 16:58;b'Beberapa Pegawai KPK yang Tak Lolos TWK Ternyata sedang Tangani Korupsi Bansos sampai KKP https://t.co/waWLMtOeVw';0;1,39E+18;zandiemaulana;0;Twitter for Android;0;[];
08/05/2021 16:50;b'Dana bansos aja ditilep....apa lagi ini hak nakes...mereka.perlambat...\nNegara punya niat baik ga sih\xe2\x9d\x93\xe2\x9d\x93\xe2\x9d\x93\nTerhadap garda terdepan saat pandemj covid19 mereka saja lalai ... https://t.co/XBxKNBQplX';0;1,39E+18;novvi_dewi;0;Twitter for Android;0;[];
08/05/2021 16:47;b'Waspada #Penipuan Modus Bansos Mengatasnamakan Bank Bjb- https://t.co/9siAg13qcZ\n#BankBJb https://t.co/Ck0gu8Hyk8';0;1,39E+18;OfficialGaluhID;0;GaluhID;0;['Penipuan', 'BankBJb'];
08/05/2021 16:46;b'@zarazettirazr Negara orang, serius ga pake tipu\xc2\xb2..ga pake korupsi bansos, ga perlu bayar buzer buat pariwisata, sedikit bicara banyak kerja, bukannya taekland bicara laen kerjaan lain..';0;1,39E+18;Alfissssh;1;Twitter for Android;0;[];
08/05/2021 16:45;b'@LaodeMSyarif @KPK_RI KORUPTOR BANSOS SUPAYA MANDEK URUSANNYA.....???';0;1,39E+18;Soulmateleader;0;Twitter for Android;0;[];
08/05/2021 16:44;b'BANSOS IDUL FITRI 2021 UNTUK HIMATRA https://t.co/rTO3FD4JFu lewat @YouTube';1;1,39E+18;InaKorandotcom;0;Twitter Web App;0;[];
08/05/2021 16:35;b'@oqanmuhammad1 @Dennysiregar7 @jokowi Kali ini gak juga sih. Buktinya kasus korupsi bansos dan jiwasraya juga masih diupdate sama portal berita. Agak kurang tepat pernyataan pak Jokowi kali ini untuk alihkan kasus besar.';0;1,39E+18;rzwings;0;Twitter Web App;0;[];
08/05/2021 16:27;b'gegara Bipang, issue..\nMudik, Papua, KPK, Azis, Nanggala, Bansos, TKA Cina, DLL...\njadi lenyap sementara\xf0\x9f\x98\x82\xf0\x9f\x98\x82\n\n\xf0\x9f\x99\x83Hebat betul manajemen issue rezim saat ini https://t.co/uCoGBAqcW7';0;1,39E+18;Marco_Alfa20;1;Twitter for Android;0;[];
08/05/2021 16:17;b'@jokowi Woy tka gimana Tu lu biarin aja mudik oraang lu larang tapi tka china lu biarin masuk... Dasar cacat.... Sehat g lu... Bntar lagi jabatan lu abis.. Semoga aib lu ntar kebuka semuanya.. Dari korupsi bansos sampe... Yg lain2 nya... Amin inget yg maha mencipta g tidur...';0;1,39E+18;Oposusi1;0;Twitter for Android;0;[];
08/05/2021 16:13;b'Bhabinkamtibmas Polsek Bojongsari, Aiptu Sutikno menyalurkan bansos dari Polres Purbalingga kepada warga desa Banjaran. Sabtu (8/5/2021) https://t.co/Lto2sMZn2L';1;1,39E+18;HBojongsari;0;Twitter for Android;0;[];
08/05/2021 16:10;b'@Bvrtan Apa kabar dana bansos. Kok 4tahun aja yaa';0;1,39E+18;Rizky04520004;0;Twitter for Android;0;[];
08/05/2021 16:06;b'@MurtadhaOne1 Tai... Bilang nya rezim, tapi bansos antri paling depan.';0;1,39E+18;ardieithink;0;Twitter for Android;0;[];
08/05/2021 16:04;b'@katrinrienks @rizieqdivist @mns_biasa99 @AntonStefanus @KPK_RI @Candraasmara85 @HabiebBass @cagubnyinyir2 @CahNgarit14 @wisanggeni_084 @GarengHallu @YRadianto @MrsRachelIn @FaGtng @ChusnulCh__ Mantan bendahara yang kena kasus bansos enggak dibuka juga aliran dananya kemana saja \xf0\x9f\xa4\x94';0;1,39E+18;Daniel13666;1;Twitter for Android;0;[];
08/05/2021 16:03;b'@SINDOnews Bansos madam. Buyar...\nSaya mengira-ngira, pasti ada pejabat terkait hukum yang tahu sebenarnya tapi diam, pura2 gak tahu gak peduli atau cari aman dan nyaman dengan posisinya sekarang.';0;1,39E+18;krisnayanto;0;Twitter for Android;0;[];
08/05/2021 16:03;b'banyak pegawai yang tidak lolos tes sedang menangani kasus-kasus korupsi, seperti korupsi bantuan sosial (bansos) serta korupsi di Kementerian Kelautan dan Perikanan (KKP)\n\n#KPK \n\nhttps://t.co/KztNzEylFG';0;1,39E+18;serambinews;0;TweetDeck;0;['KPK'];
08/05/2021 15:58;b'Politikus Demokrat Duga Penyidik KPK di Kasus Bansos Diberhentikan Lewat Tes\n\nAnggota Komisi Hukum DPR dari Fraksi Partai Demokrat menduga penyidik KPK yg menyidik kasus korupsi bansos Covid-19 diberhentikan. \n\nCaranya, lewat tes wawasan kebangsaan.\n\nhttps://t.co/iCs7cZiyje';0;1,39E+18;erna_st;7;Twitter for Android;0;[];
08/05/2021 15:57;b'@ParikanSaru @KompasTV Berarti lo pendukung korupsi bansos';0;1,39E+18;juliandjiono;0;Twitter for Android;0;[];
08/05/2021 15:47;b'@KompasTV Knp sih hrs nguprek bansos,jadi gitu deh..';0;1,39E+18;adie_rew;0;Twitter for Android;0;[];
08/05/2021 15:47;b'Sejumlah Warga Terdampak Pandemi Corona di Jakarta dan Depok Terima Bansos: Sebanyak 200 paket sembako disalurkan melalui dua majelis taklim Al Muhtadun dan Al Makmur yang berlokasi di Jakarta dan Depok, Jawa Barat. https://t.co/OkOFByCbIh';0;1,39E+18;merdekadotcom;0;dlvr.it;0;[];
08/05/2021 15:40;b'ah tetangga sialan pake pindah kesamping rumah segala lagi, eneg banget tetanggaan ama orang suka pamer harta tapi masih suka ngemis ngemis bansos';0;1,39E+18;brwnsgrm;0;Twitter for iPhone;0;[];
08/05/2021 15:36;b'@shabrinamarsya Aku udah berkesimpulan sih kalo miskin dan kaya itu emg bukan soal banyak\xc2\xb2an harta, tapi memang soal mental aja\n\nYa contoh terbaru bansos covid yg dikorupsi, udah sekaya apa coba jadi mentri, eh masih ngambil hak org jg';0;1,39E+18;_ikaa_;0;Twitter Web App;0;[];
08/05/2021 15:32;b'Dua Jenis Bansos Kemensos Cair Sebelum Lebaran 2021, Cek Penerima Melalui https://t.co/sHD5TDpF0I\n \nhttps://t.co/KUdTPW5wTH via @tribunnews';1;1,39E+18;WiedaryantoArya;0;Twitter Web App;0;[];
08/05/2021 15:32;b'Pernah nonton salah satu video orang indo di saudi sana. Pernah bilang kalau pemerintahaan disana pun pada takut kalau rakyat nya kelaparan bahkan walaupun mendengar rakyat kelaparan pun takut apalagi tidak berlaku adil hehe. Bansos dibagi rata kalau disini justru dikorupsi';0;1,39E+18;farizpostman;0;Twitter for Android;0;[];
08/05/2021 15:21;b'@febridiansyah Katanya skrg NB lagi tangani kasus korupsi bansos dan KKP lalu penyiraman thdp NB bertepatan saat belio menangani kasus apa uda kalo boleh tau?';0;1,39E+18;rafiqi_28;0;Twitter for iPhone;0;[];
08/05/2021 15:19;b'@kurawa @febridiansyah sbelah akan blg ini KPK  tbang pilih sumber waras dbiarkan saja,yg sbelah lg blg KPK tbang pilih nda mau sntuh lahan DP0%!\nAda sapi dbui KPK tbang pilih, mengambil pembagi BANSOS KPK jg tbang pilih! \n\nStiap org punya prasaan paling bnr &amp;0;;;;;;;
08/05/2021 15:16;b'@KompasTV @msaid_didu Siapa yang terlibat korupsi Bansos dan KKP. Gak heran isu taliban sama radikal selalu dihembuskan. Memang jadi alasan untuk garong aja. Korupsi Bansos itu harusnya hukuman mati.';0;1,39E+18;andikabina;4;Twitter for Android;0;[];
08/05/2021 15:11;b'@DKayyenz Mw bwt isu baru seolah yg ngurus bansos mw digeser..';0;1,39E+18;pintuyangmalang;0;Twitter for Android;0;[];
08/05/2021 15:10;b'@jokowi saya ngurusin bansos dari data, bedah rumah, dll mulai apbd sampe apbn dibayar satujuta perbulan, tapi duit bansos kok dikorup mentri dari partai sampeyan?';0;1,39E+18;ke_peace_ing;0;Twitter for Android;0;[];
08/05/2021 15:08;b'@caratstalk ga, gue malah mirip orang yg lagi dikasih bansos\xf0\x9f\x98\xad';0;1,39E+18;wonwoorien;0;Twitter for Android;0;[];
08/05/2021 15:07;b'@Dennysiregar7 @KPK_RI Maling bansos aja yg layak dihukum mati blm semua kroninya ditangkap';0;1,39E+18;GORO72161943;0;Twitter for Android;0;[];
08/05/2021 15:02;b'Babi ngepet demen, bipang dinyinyirin. Itu sama dgn munafiknya kaum berisik: nyinyirin pemerintah tpi antri bansos paling depan, nyinyirin soal hutang tapi menikmati infrastruktur yg dibangun atasnya.\nKonsumen bipang jelas lebih bahagia &amp;0;;;;;;;
08/05/2021 15:00;b'@fairyssamjin Hngg seru juga... Bermanfaat lgi membagi bagi bansos';0;1,39E+18;joyuliiikan;0;Twitter for Android;0;[];
08/05/2021 14:57;b'@joyuliiikan biasanya si ya biasanya suka kyk ngobrolin idol bias trs lempar lembing brmain tic tac toe mngadakan bansos keliling kota ditutup dgn siraman rohani marawis atau bisa jg kyak sirkus barongsai guling guling dan brmain bola api gtudeh';0;1,39E+18;fairyssamjin;0;Twitter for Android;0;[];
08/05/2021 14:55;b'CEK Bansos yang Cair Sebelum Lebaran 2021, BLT UMKM, PKH, dan BPNT di Sini!\n \nhttps://t.co/MeN27n8rCK via @tribunnews';1;1,39E+18;WiedaryantoArya;1;Twitter Web App;0;[];
08/05/2021 14:49;b'@nananonannn nekuk duit bansos aja';0;1,39E+18;cececekeyen;0;Twitter for Android;0;[];
08/05/2021 14:47;b'@cholilnafis Bipang di Promo, Bansos, Asabri,Harum Masiku makin Tenggelam dalam Obrolan Publik. Kereen banget pokoknya deh pak Kyai sales Bipang ituh...';0;1,39E+18;Taufiksaleh78;0;Twitter for Android;0;[];
08/05/2021 14:45;b'@Dennysiregar7 @KPK_RI Yang sudah Jelas2 saja Den! Koruptor Bansos ini Layak dihukum MATI, https://t.co/xrG0LE5pvh';0;1,39E+18;endjah_hamami;0;Twitter for Android;0;[];
08/05/2021 14:45;b'Data Penerima Bansos, Risma Gandeng Perguruan Tinggi\n\nhttps://t.co/04vs5511qK #pdiperjuangan';1;1,39E+18;GesuriID;0;TweetDeck;0;['pdiperjuangan'];
08/05/2021 14:41;b'Haji Munarman mengkritik keras korupsi dana bansos oleh PDIP ini, dan akhirnya kini beliau ditangkap dan ditahan dgn dalih terlibat terorisme :\xf0\x9f\x91\x87\n\n\xf0\x9f\x93\x8c FPI: Korupsi Dana Bansos Pengkhianatan Ke Rakyat Yang Menderita Akibat COVID-19\n\n\xf0\x9f\x91\x89 https://t.co/zUKcV4mOuS';0;1,39E+18;SaveMoslem1;215;Twitter for Android;0;[];
08/05/2021 14:41;b'Terus siapa yang bikin skenario TWK KPK, Raibnya Harun Masiku, SP3 BLBI, kriminalisasi Ulama, hilangnya bahasa Indonesia, Pancasila, Sejarah serta frasa Agama yang tidak ada dalam draf peta jalan pendidikan, apakah kawan penyuka BIPANG juga yang bikin ulah, apa kabar juga Bansos https://t.co/FC6FeVeMGm';0;1,39E+18;DTar169;0;Twitter for Android;0;[];
08/05/2021 14:40;b'Akhirnya selamat lah maling-maling ini :\xf0\x9f\x91\x87\n\n\xf0\x9f\x93\x8c Duit Korupsi Bansos Diduga Mengalir ke PDIP Lewat Staf Puan, Pengadaan Tas Rekomendasi Gibran\n\n\xf0\x9f\x91\x89 https://t.co/MICHfhruw2';0;1,39E+18;SaveMoslem1;15;Twitter for Android;0;[];
08/05/2021 14:40;b'Terbongkar\xe2\x9d\x97 Modus untuk menyelamatkan PDIP maling dana bansos :\xf0\x9f\x91\x87\n\n\xf0\x9f\x93\x8c Terungkap\xe2\x9d\x97 Demokrat Duga Penyidik KPK di Kasus Bansos Diberhentikan Lewat Tes\n\n\xf0\x9f\x91\x89 https://t.co/TSaNFQnMKf';0;1,39E+18;SaveMoslem1;15;Twitter for Android;0;[];
08/05/2021 14:35;b'@___Mr_J03n4____ @Mr_703n4_______ Hadeuuuh. .. !!! \n\nYg lain malah ada yg bancakan bansos';0;1,39E+18;Purwantosastro4;0;Twitter for Android;0;[];
08/05/2021 14:34;b'@kompascom Kesel mereka korupsi bansos ketauan';0;1,39E+18;juliandjiono;0;Twitter for Android;0;[];
08/05/2021 14:27;b'@adearmando1 kan \nKPK lagi nanganin kasus bansos,\n...\nwajarlah KPK diserang\ndari berbagai arah\n\xf0\x9f\x99\x84\xf0\x9f\xa4\xab';0;1,39E+18;PakLoerah;0;Twitter for Android;0;[];
08/05/2021 14:26;b'@Algo_Kun Pemberian bansos apakah sudah berjalan sesuai dengan mekanismenya? Penerapan lockdown yang aku pahami itu dilakukan dalam skala besar (negara) karena itu keputusan pemerintah pusat, dibantu oleh daerah. Dan bansos itu jenisnya bantuan sampingan, bukan tanggungan penuh.';0;1,39E+18;ierv295;0;Twitter for Android;0;[];
08/05/2021 14:26;b'@AliNgabalinNew Tetap salah Om Ngabalin, sebab yg dengar para Kadrun soalnya, sebab apapun yg di omongkan pak Jokowi, salah dimata mereka kecuali bansos Dan thr';0;1,39E+18;kuntring_deddy;0;Twitter for Android;0;[];
08/05/2021 14:26;b'@Mdy_Asmara1701 @Reiza_Patters Balik seperti orde baru?\nSaya lihat skr korupsinya malah lebih sadis. Bansos, e-ktp, jiwasraya, asabri dsbnya. Tuh lebih sadis dan lbh terorganisir.';0;1,39E+18;hariyadiagung18;0;Twitter Web App;0;[];
08/05/2021 14:17;b'@zarazettirazr Makanya tiru BRI. Segala bansos disalurkan ke situ. Tiap hari kantornya membludak.';1;1,39E+18;MediaRakyat4;0;Twitter for Android;0;[];
08/05/2021 14:16;b'KJP Plus, Bansos, BLT UMKM, Kartu Prakerja, Subsidi Listrik &amp;1;;;;;;;
08/05/2021 14:16;b'RT @FPD_DPR: Anggota Komisi III \xe2\x81\xa6@DPR_RI\xe2\x81\xa9 \xe2\x81\xa6@PDemokrat\xe2\x81\xa9 \xe2\x81\xa6@BennyHarmanID\xe2\x81\xa9 Sebut Penyidik KPK di Kasus Bansos Diincar Lewat TWK - Nasional htt\xe2\x80\xa6';0;1,39E+18;SBHs14p;10;Twitter for Android;1;[];
08/05/2021 14:10;b'@pmoxyz pengadaan logistik bansos. nanti keuntungan buat karaoke.';0;1,39E+18;mirzarosi;0;Twitter Web App;0;[];
08/05/2021 14:09;b'Polemik Tes Wawasan Kebangsaan telah mampu mengalihkan sorotan kasus BLBI, Bank Century, Wisma Hambalang, bansos covid-19, ekspor benih lobster, KKB Papua, dana militer yg naik 400% dalam 10 tahun tapi tidak ada peningkatan signifikan, dan korupsi-korupsi yg sedang terjadi. https://t.co/e8so36kKoc';0;1,39E+18;icukprayogi;1;Twitter Web App;0;[];
08/05/2021 14:06;b'@TSolihien Mending beresin bansos di dari Madam. Kebanyakan janji yg 99 % meleset';0;1,39E+18;AnisYunas;0;Twitter for Android;0;[];
08/05/2021 14:04;b'@jwscult sumpah gue bacanya bansos fak';0;1,39E+18;NCTSYUT4;0;Twitter for Android;0;[];
08/05/2021 14:03;b'@TheArieAir Paling ancur kali, ekonomi jeblok pdhal utang gila2an, penanganan covid amburadul, dana bansos diembat sama menteri pilihannya, dan ajaibnya masih ada yg ngotot buat jadiin presiden utk periode ke 3 \xf0\x9f\xa4\xa3\xf0\x9f\xa4\xa3';0;1,39E+18;CuldeSac168;0;Twitter for Android;0;[];
08/05/2021 13:56;b'@henrysubiakto Yang ga percaya covid antri terdepan ambil bansos covid';0;1,39E+18;Toni7216;0;Twitter Web App;0;[];
08/05/2021 13:56;b'@PresedenCentuRI @Dennysiregar7 @susipudjiastuti Kasus Ratna, Ratna sendiri sudah kena saksi dan dampaknya remeh, wooi..ini dana bansos dampaknya besar bikin negara bangkrut, elu masih saja muter-muter di kasus Ratna, mikir \xf0\x9f\x98\x82';0;1,39E+18;Astraji81646242;0;Twitter for Android;0;[];
08/05/2021 13:52;b'Selain Novel, ada pegawai yang sedang tangani kasus bansos https://t.co/31BSolsAwz';1;1,39E+18;idntimes;0;dlvr.it;0;[];
08/05/2021 13:44;"b'Partai Lain Mana Suaranya !!\nMendukung KPK Di Bungkam ??\n\nFraksi Partai Demokrat Benny K. Harman :\n""Ada upaya menggergaji penyidikan kasus bansos Covid-19. Caranya menyingkirkan penyidik KPK yang menangani perkara ini lewat Tes.""\n\n#PresidenHobiBipang https://t.co/uXnZgcyv2f'";0;1,39E+18;_Tarida_Indah_;10;Twitter for Android;0;['PresidenHobiBipang'];
08/05/2021 13:44;b'Yaelah bipang aja dijadiin isu, ketutup dah tuh isu2 macem TWK KPK, korupsi Bansos dll yang jauh lebih penting\xf0\x9f\x99\x83';0;1,39E+18;RezaFHW;0;Twitter for iPhone;0;[];
08/05/2021 13:43;b'@Indysltng @Hilmi28 @jokowi Kesalahan besar ... Korupsi bansos adem ayem aja yaa ... Lu gak ributin yaa ...ekwkwkwk';0;1,39E+18;BrondsLeaf;0;Twitter for Android;0;[];
08/05/2021 13:41;b'@cybsquad_ @fadjroeL @upiasmaradhana @itbofficial @univ_indonesia @UI_library Aktifis liat bansos dikorupsi diem, kpk dikebiri diem';0;1,39E+18;salahambilobat;0;Twitter for Android;0;[];
08/05/2021 13:38;b'@primaqina Belom lagi pasti mereka money laundry kan orang begitu licik. Harusnya harta dikuras habis, wajahnya dipajang diseluruh penjuru, atau hukum mati buat bansos sama kasus antigen kemarin itu. Iblis aja minder';0;1,39E+18;novitadinny;0;Twitter for Android;0;[];
08/05/2021 13:36;b'@adhityanandhakp bayangno ngguyu2 dihadapan nasabah bansos';0;1,39E+18;ardngrh;0;Twitter for Android;0;[];
08/05/2021 13:33;b'ngumpulin duit bansos kovid buat beli resident evil';0;1,39E+18;erikqxb;0;Twitter Web App;0;[];
08/05/2021 13:29;b'@TriW1212 @kariin91 @nadilawantari_ Iya rata rata yg nggk lolos tes itu mereka yg menangani kasus korupsi besar salah satunya bansos ya.';0;1,39E+18;alfinpranata42;0;Twitter Web App;0;[];
08/05/2021 13:28;b'4.Padahal kan lagi marak yang namanya Bansos dari Pemerintah, kok anak anak ini gak kebagian.\n\nBantu SHARE sampai tembus ke Pemda setempat. https://t.co/Og2ZBvsEBB';0;1,39E+18;gadisresidu_b3;22;Twitter for Android;0;[];
08/05/2021 13:27;b'@sherpa701 @hwi_wijaya_ke2 @dwisuraning_ @Warkiko1 Kalau di RL ini tipe orang yg hari2nya dipenuhi kebencian pada pemerintah tp antri paling depan kalau ada Bansos \xe2\x98\xba\n\nDan kebanyakan mereka mendapatkannya\nKenapa?\nKarena negeri kita adlh Negeri Pecinta Damai';0;1,39E+18;AL_Ghazali81;0;Twitter for Android;0;[];
08/05/2021 13:26;b'Karaoke pakai duit bansos. Astaghfirullah';0;1,39E+18;wn_esti;0;Twitter for Android;0;[];
08/05/2021 13:23;b'@Dennysiregar7 @RixxCarlson @KPK_RI KORUPSI BANSOS GIMANA ???\nYG DIRUGIKAN WONG CILIK\n\nGIMANA HARUN MASIKU ???\nINI MASIH SEGAR\n\nTERKESAN NGALIHIN INSYU \xf0\x9f\x98\x87';0;1,39E+18;Saiful38653471;0;Twitter for Android;0;[];
08/05/2021 13:14;b'@okezonenews Lebih urgent Kasus ASABRI,JIWASRAYA,BPJS,MADAM BANSOS,TRUK NYASAR,MR GOODIEBAG,MASIKU,BLBI dll. Kelanjutannya kek apa? @KPK_RI @DPR_RI @mprgoid @FPKSDPRRI @PDemokrat';0;1,39E+18;WariorXman;0;Twitter Web App;0;[];
08/05/2021 13:13;b'@PresedenCentuRI @Dennysiregar7 @susipudjiastuti Update dong masa bahas Ratna mulut, kali2 bahas dana bansos, Harun masiku udah mau lebaran lagi nih ga tau rimbanya\xf0\x9f\x98\x81';0;1,39E+18;Astraji81646242;0;Twitter for Android;0;[];
08/05/2021 13:11;b'@jokowi pak @jokowi yang terhormat, indonesia apa kabarnya???\nrakyat indonesia apa kabarnya???\ncovid di indonesia apa kabarnya???\norang INDIA yang datang ke indonesia apa kabarnya??\norang CINA yang datang ke sini apa kabarnya???\nkorupsi BANSOS gimana ceritanya???\nKPK apa kabarnya???';0;1,39E+18;eqqqnx;0;Twitter for Android;0;[];
08/05/2021 13:08;b'@javucado Bansos bisa ga ?';0;1,39E+18;byungbunss;0;Twitter for Android;0;[];
08/05/2021 13:07;b'@ekowboy2 Klo minta saham, minta proyek, minta jatah bansos, minta jabatan..itu budaya kita..hehehe..';0;1,39E+18;Kertas_pribumi;1;Twitter for Android;0;[];
08/05/2021 13:05;b'@Puthutea Mari jangan habiskan energi nalar lurus publik menjadi bengkok hanya gegara setiran babi panggang produksi mesin hoax istana.\n\nTetap fokus mengutuk pelemahan @KPK_RI di saat para penyidik mulai menyasar aliran dana bansos mengalir ke partai muncung putih.\nMari tetap waspada';0;1,39E+18;IchwanMoehammad;0;Twitter for Android;0;[];
08/05/2021 13:05;b'RT @geloraco: Mahasiswa Tagih Janji KPK Hukum Mati Koruptor Bansos Covid-19\nhttps://t.co/LBofuCuzZ1';0;1,39E+18;AJazuli5;718;Twitter for Android;1;[];
08/05/2021 13:04;b'Sangat luar biasa era sekarang ini Harun Masiku saja tdk tertangkap alias dibiarkan , berkeliaran di awali dari KPU negara ini menjadi Ambyar, mega korupsi yg luar biasa , Bansos,Jiwasraya, Asabri dll, penanganan oleh penegak hukum  seakan mandeg semakin tdk jelas, lalu bagaimana';0;1,39E+18;HjAiSuryani1;0;Twitter for iPhone;0;[];
08/05/2021 13:00;b'@AgoesAguss Moga Novel Baswedan segera menangkap Madam Bansos ya.. \xf0\x9f\x91\x8d';0;1,39E+18;conan_idn;0;Twitter for Android;0;[];
08/05/2021 12:55;b'Bansos BPNT dan PKH Cair Mei 2021, Segera Cek Daftar Penerimanya Melalui https://t.co/pJASU1QOA5 - #INDONESIA\n\nhttps://t.co/JPswUvFpR6';1;1,39E+18;IDCorner;0;IDCorner.Co.iD;0;['INDONESIA'];
08/05/2021 12:54;b'Gara-gara BIPANG para menteri dan pejabat sibuk membuat difinisi bipang...... kasihan amat kalo memang banyak yg hobi makan babi panggang apa yg salah ???\n\nHarta haram aja pada dimakan apalagi cuma bipang ingat: \nKorupsi bansos dan benur itu jauh lebih haram dan menyakiti rakyat';0;1,39E+18;HRobertSdryono;0;Twitter for Android;0;[];
08/05/2021 12:50;b'BST dihentikan karena kondisi masyarakat sudah membaik dengan melakukan banyak aktivitas normal, artinya pandemi ini sudah berakhir dan masyarakat berhak hidup normal\n\nYaaah! Bu Risma Kasih Kabar Tak Enak: Tutup Pintu Buat Bansos Covid-19 Gara-Gara... https://t.co/U3nMdxcMjE';0;1,39E+18;aryaafhzani;0;Twitter Web App;0;[];
08/05/2021 12:49;b'Asabri,jiwasraya,Masiku, BPJS,MADAM BANSOS,GOODIEBAG, TRUK NYASAR,BLBI pada ngilang kemana ini?';0;1,39E+18;WariorXman;0;Twitter Web App;0;[];
08/05/2021 12:47;b'@Puspenkum  2 tersangka Bansos di Samosir hingga saat ini belum ditahan. Ada apa?';0;1,39E+18;BungaranSitang7;0;Twitter for Android;0;[];
08/05/2021 12:42;"b""Kegiatan pembagian bansos di rw 10,kelurahan pasirjati kepada anak yatim || Penyerahan bantuan sembako kepada warga yang sedang Isoman di Rt 02 Rw 11 PSG || Jum'at Berkah LPM Pasirwangi Berbagi Takjil\n@OdedMD @kangyanamulyana @AbriwansyahF @halo_bandung https://t.co/FV57iXBl2j""";1;1,39E+18;Ujungberung_Kec;0;Twitter for iPhone;0;[];
08/05/2021 12:40;b'@ngadari84 @mizzzaenab @Namaku_Mei Masalah ya di sini bansos malah di korup...';0;1,39E+18;takiif;0;Twitter for Android;0;[];
08/05/2021 12:38;b'@Syaiful18532221 Kan dah d hukum?\nDan apkah stiap org mlakukan ksalahan itu hrus dpt kita sbgai manusia?\nDna bansos d korupsi lo mingkem.';0;1,39E+18;Oktvi4;0;Twitter for Android;0;[];
08/05/2021 12:38;b'futago anjirrrr berasa ngantri bansos';0;1,39E+18;rischkasucks;0;Twitter for iPhone;0;[];
08/05/2021 12:16;b'RT @MiagoPantus: @qorygore Masyarakat setelah mengetahui bansos kemana #QGBacotsantuy https://t.co/viW4dsmM8a';0;1,39E+18;kursigoyanng;1;Twitter for Android;1;['QGBacotsantuy'];
08/05/2021 12:14;b'Waspada Penipuan Bansos Covid-19 Mengatasnamakan bank bjb https://t.co/WXs7XqyDcA\n\n#bjb #perbankan #waspadapenipuan #news';0;1,39E+18;ruberUpdate;0;Twitter for Android;0;['bjb', 'perbankan', 'waspadapenipuan', 'news'];
08/05/2021 12:12;b'@FINDINGDERY07 @lilypuryz @jaeyuntampan @apo0calypse mau bansos';;1,39E+18;nomarklie;0;Twitter for Android;0;[];
08/05/2021 12:05;b'@ganjarpranowo Pakgub @ganjarpranowo. Ngapunten.. nopo mpun mboten wonten bansos pak?? Kangge rencang2 perantau. Ben koyo taun wingi';0;1,39E+18;itulah_akuu;0;Twitter for Android;0;[];
08/05/2021 12:05;b'@javucado bansos mksud ente?';;1,39E+18;urhoneyl;0;Twitter for Android;0;[];
08/05/2021 12:03;b'Bedanya BLT era Krismon 2008 dan Bansos era  Krismon @jokowi .\n\ngambar 1 BLT diprotes PDIP krn tidak mendidik rakyat tp nyatanya sampe ke rakyat kecil dan mampu mengatasi krismon.\ngambar 2 Bansos dikorupsi, rakyat kecil yg terdampak gigit jari dan krismon makin parah.\n\n\xf0\x9f\x90\xb8\xf0\x9f\x94\xa8 https://t.co/c0BcRkzwdK';0;1,39E+18;RaisaTjokrodnta;4;Twitter for Android;0;[];
08/05/2021 11:30;b'@KompasTV Ketahuan!!!\nMau hilangkan korupsi bansos';0;1,39E+18;thelvin_fa;0;Twitter for Android;0;[];
08/05/2021 11:22;b'@salahambilobat @NOTASLIMBOY Bansos sudah beda konteks, walau ini saya setuju juga, Beliau perlu tanggung jawab dan memperbaiki kabinetnya. Tetapi untuk konteks bipang, saya tdk melihat ada yang salah, karena penekanan di mudik saat lebaran yang orangnya bisa siapa saja.';0;1,39E+18;Elbeflow;0;Twitter for Android;0;[];
08/05/2021 11:16;b'@korantempo pasti nya dah dr awal br kuasa\ndah di planning..\nkrn KPK sll mengungkapkn\nkoruptor yg ke bnykkn dr si merah\ndr mulai kepda nya ampe bansos nya\nlom blbi nya. https://t.co/sJ0p0ItuhS';0;1,39E+18;MawarSolitaire;0;Twitter for Android;0;[];
08/05/2021 11:14;b'@Indysltng @Hilmi28 @jokowi iya bener. masalah besar kaya korupsi bansos ga ditengok lagi. kemana ya kira2 pelakunya \xf0\x9f\xa4\x94';0;1,39E+18;crzn95;0;Twitter for Android;0;[];
08/05/2021 11:09;b'Cara Cek Penerima Bansos PKH dan BPNT 2021 Klik https://t.co/QOBaUYCh8Z https://t.co/z5H4RSUceC #bansos #PKH #kemensos';1;1,39E+18;Hrc_Jakarta;0;Twitter Web App;0;['bansos', 'PKH', 'kemensos'];
08/05/2021 11:07;b'Penyimpangan :\n- Karantina bisa bayar\n- Rapid test pakai alat bekas\n- Bansos di korupsi\n- WNA bebas masuk tapi mudik di larang . \n\nMencla mencle , sakno petugas kesehatan, sakno pak polisi sing tenanan, sakno rakyat e di bujuki ae . Cooook coook';0;1,39E+18;marahumidnaf93;1;Twitter for iPhone;0;[];
08/05/2021 10:59;b'Kemensos Cairkan 2 Bansos Sebelum Lebaran, Cara Cek Penerima BPNT dan PKH di https://t.co/bXLcasZ7PN https://t.co/iLyiE9KCiP https://t.co/Q0b1wzdn8W';1;1,39E+18;tribunkaltim;0;dlvr.it;0;[];
08/05/2021 10:57;b'@SackidiC @knpiharis @KPK_RI Baru aja bongkar kasus Bansos yang sangat jahat, ko dibilang melempem? Bayangin aja kl itu ga terbongkar, di tengah pandemi ada yg begitu jahatnya mengeruk keuntungan dari derita masyarakat';0;1,39E+18;sinyonamaqu;0;Twitter Web App;0;[];
08/05/2021 10:54;b'wahai pemerintah, tau gak sih kelean? banyakk bgt yg udh merelakan gak mudik, nahan utk gak pergi\xc2\xb2. tp makin kesini kayak main\xc2\xb2 ya kelean:\n\xe2\x80\xa2 konsistensi aturan gak jelas\n\xe2\x80\xa2 WNA masuk, bhkn mengabaikan karantina\n\xe2\x80\xa2 bansos dikorup\n\xe2\x80\xa2 gaji nakes gak cair\n\xe2\x80\xa2 alat test daur ulang\n\xf0\x9f\x98\xa9';0;1,39E+18;windawindstar;0;Twitter for Android;0;[];
08/05/2021 10:50;b'Pandemi ini bener2 cara Tuhan buat ngasih unjuk sih betapa zolimnya pmrnth dlm menanganinya dan perilaku ke warganya... belom oknum yg korupsi bansos jg kayaknya sih udah aman2 aja tuh pindah ke kota or negara lain dgn bahagia.. ga ada lanjutan beritanya khan.';0;1,39E+18;koojunhoenoona;0;Twitter for iPhone;0;[];
08/05/2021 10:48;b'@gar4200 ingat yg 21 juta data ganda bansos itu penentunya dia naik jd raja, walau itu lawak dagelan bajingan tengik';0;1,39E+18;rajomedan8;0;Twitter for Android;0;[];
08/05/2021 10:47;b'Nggk ngerti lagi.... setelah adanya mafia bansos, mafia antigen, terus sekarang ini?!\nAku rasa indonesia jadi negara paling buruk penangannya terhadap covid19. https://t.co/W6TMGEQD03';0;1,39E+18;aaaaaaaw_;0;Twitter for Android;0;[];
08/05/2021 10:44;"b""Tjakep! \xf0\x9f\x91\x8f\xf0\x9f\x91\x8f dari 75 penyidik KPK yg gak lolos tes 'wawasan kebangsaan?' itu yang berhasil bongkar kasus e-KTP, simulator SIM, ekspor benur, sama bansos. Kelas semua! Kentara pisan eta per-ma-i-nan \xf0\x9f\xa4\xa3 https://t.co/JYooPAEwl8 https://t.co/eS7HBG6UIX https://t.co/5SCNjZJjlr""";0;1,39E+18;oniikkun;0;Twitter for Android;0;[];
08/05/2021 10:31;b'Presiden e ngurusi nikahan artis\n\nPemerintah e bingung dan akhir e keluar larangan mudik\n\nBanyak bansos yg dikorup\n\nWarga ne pengen mudik raurusan covid trabas pokoe\n\nKalo abis ini Indonesia kasusnya melonjak lagi banyak yg meninggal lak do salah2an asuog';0;1,39E+18;uzan_txc;1;Twitter for Android;0;[];
08/05/2021 10:28;b'@ierv295 bukannya lakuin lockdown dibeberapa daerah yang angka positif corona tinggi ya? dan memberikan bansos juga?\n\nnah kalo misalnya aku tanya nih solusi buat penanganan / solusi masalah corona tetapi ekonomi negara tetap jalan dan angka covid engga naik banyak?';0;1,39E+18;Algo_Kun;0;Twitter for Android;0;[];
08/05/2021 10:27;b'@assemblerAVR @Rizmaya__ @febridiansyah Betul, bansos juga di embat https://t.co/22iL26zU5b';0;1,39E+18;IND_MAJU;0;Twitter for Android;0;[];
08/05/2021 10:26;b'@Dennysiregar7 @KPK_RI Yg udah jelas di sebut madam di bansos pada mingkem lu bipang @Dennysiregar7';0;1,39E+18;cebongbuduk;0;Twitter for Android;0;[];
08/05/2021 10:22;b'@OposisiCerdas Bisa jadi ini ada kaitan nya dengan kasus korupsi dana bansos,21 jt penerima bansos fiktif.dan yqng terbaru ada indikasi wakil dpr terjerat kasus korupsi.';0;1,39E+18;NediPutra15;0;Twitter for Android;0;[];
08/05/2021 10:21;b'Oh iya hasil bangunin sahurnya dipake juga buat bansos ke ponpes terdekat. Keren bat gasi, bangunin sahurnya berkah dan hasilnya dipake untuk bantuin orang lain. Plus dapet thr tipistipis heheh https://t.co/fIeWvRNxAQ';0;1,39E+18;inthrowverb;0;Twitter for iPhone;0;[];
08/05/2021 10:14;b'Waw Kemensos Cairkan 2 Bansos Sebelum Lebaran, Cara Cek Penerima BPNT dan PKH di https://t.co/QLXx6v2Hqk https://t.co/eQoiRGY9H3 #Samarinda #menujupilwali2020 #kalimantantimur #bontang #sangatta #bulungan #malinau #kukar #balikpapan #penajam #ppu #ibukotabaru';1;1,39E+18;reportaseSMR;0;IFTTT;0;['Samarinda', 'menujupilwali2020', 'kalimantantimur', 'bontang', 'sangatta', 'bulungan', 'malinau', 'kukar', 'balikpapan', 'penajam', 'ppu', 'ibukotabaru'];
08/05/2021 10:12;b'@qorygore Azab korupsi bansos covid-19 untuk karaoke, mati dengan menelan mic \xf0\x9f\x99\x84';0;1,39E+18;DeniZulva;0;Twitter for Android;0;[];
08/05/2021 10:03;b'@SackidiC @knpiharis @KPK_RI Dari dulu jg sdh diawasin kale...oknum2 yg terbukti bersalah dari dulu sdh disanksi tegas. Ini pada kepanasan apa karena korupsi bansos dibongkar ya...?';0;1,39E+18;sinyonamaqu;0;Twitter for Android;0;[];
08/05/2021 10:02;b'Enak bgt bikin kacang grg pake bumbu makroni dipakein pedes dikit2\xf0\x9f\x98\x8b.\nKacangnya dapet dari bansos Alhamdulillah.';1;1,39E+18;unjunlemon30;0;Twitter for Android;0;[];(+)
08/05/2021 09:57;b'@febridiansyah Ambil saja contoh jelas dan nyata...kalau benar benar akun akun itu bukan akun BuzzeRp teriak maling bansos kapan di hukum mati.... orang bodoh juga tau akun akun penjilat...cari makan hanya dg modal gadaikan kebenaran';0;1,39E+18;INDOTEKH;1;Twitter for Android;0;[];
08/05/2021 09:51;b'@KompasTV Kejar Madam Bansos?';0;1,39E+18;StopZholim;0;Twitter for Android;0;[];
08/05/2021 09:49;b'@KompasTV pemuda pancasila maen recehan \nbipang pancasila maen buzzerp \nbangsa(t) pancasila maen yg gede.. duit bansos';0;1,39E+18;lurahgoodie;0;Twitter Web App;0;[];
08/05/2021 09:37;b'@Raffandy12 @ajeaja07 @dpermadhy @FaisalBasri Jadi kalo masih ada yang Nerima bansos terus   yang jarah bansos ngk ada gitu ?  ... Manusia aneh ...';0;1,39E+18;verticalscape;0;Twitter for Android;0;[];
08/05/2021 09:36;b'@KompasTV Beberapa itu brp? Kasus bansos itu yg oknum penyuap nya ga jelas?';0;1,39E+18;mizzzaenab;0;Twitter Web App;0;[];
08/05/2021 09:35;b'@Raffandy12 @ajeaja07 @dpermadhy @FaisalBasri Kenapa kok bawa bawa Hambalang ... Kenapa lo anti orang bilang korup bansos ... Manusia aneh ... .. Hambalang mah udah pada masuk bui ... Si masiku tuh belum juga ketemu , sakti banget tuh orang ...';0;1,39E+18;verticalscape;0;Twitter for Android;0;[];
08/05/2021 09:34;b'Idul Fitri hampir tiba\n\nTak cuma penerimaan bansos, antrian juga di tempat bukber\n.\n.\n.\n.\nantri meja';1;1,39E+18;koeztri;0;Twitter for Android;0;[];
08/05/2021 09:31;b'@rich146754 @Musafir69788203 @RAHMAN61555079 @SINDOnews @kemendagri @InfobnnP @bkd_papuabarat @BWS_PapuaBarat @jayapuraupdate @KatolikG @VeronicaKoman @andrewenas @GunRomli @kozac_jo Sudah di maling sama bansos\n\nOTSUS sedikit pun ribut\nTambang emas dikerok puluhan tahun\nBerapa dana otsus habis';0;1,39E+18;SafrizaL4C;0;Twitter for Android;0;[];
08/05/2021 09:30;b'Kemensos Cairkan 2 Bansos Sebelum Lebaran, Cara Cek Penerima BPNT dan PKH di https://t.co/bXLcasZ7PN\n\n#bansos #bantuansosial #bansos2021 #bansoscovid19\n \nhttps://t.co/4ky2hEI3Lp via @tribunkaltim';1;1,39E+18;tribunkaltim;0;Twitter Web App;0;['bansos', 'bantuansosial', 'bansos2021', 'bansoscovid19'];
08/05/2021 09:29;b'@pintuyangmalang @febridiansyah Bendahara Partai maling bansos seneng dong bong kalo gitu? \xf0\x9f\xa4\xa3\xf0\x9f\xa4\xa3';0;1,39E+18;BandarJuaraNya;0;Twitter for Android;0;[];
08/05/2021 09:27;b'@Ar1Pangeran Rakyat di suruh patuh di atas sana dana bansos di sikat abis, rakyat di suruh patuh mereka mencontohkan berkerumun, rakyat di larang mudik, WNA bebas masuk dengan alasan kecolongan. Semua berawal dari kardus yg di gembok.';0;1,39E+18;baddai_ray;0;Twitter Web App;0;[];
08/05/2021 09:26;b'@rmol_id Banyak sekali hal-hal yg serba kontradiksi saat ini, berita bombastis, aneh, nyeleneh, entah apa tujuannya.\n\nSehingga kejadian yg merugikan sekali, seperti: masuknya wna China, korupsi biadab bansos Juliari Batubara dari wakil bendahara PDIP terlupakan.\n\nApakah ini disengaja?';0;1,39E+18;HHSYIHAB1;0;Twitter for Android;0;[];
08/05/2021 09:23;b'@PresidenKopi @SiAndi_ Haha....\nSejak 2014 mana ada keseriusan kpk... \nTrus yg skrg2 kayak asabri, jiwasraya, bumiputra... bansos aja acakadul, haha...\n\nGw sih cuma hiphip huray aja, haha... penggembira #FOAMFAMILY, haha... dah gak jaman mikirin negara lagi...';0;1,39E+18;roses_man;0;Twitter for Android;0;['FOAMFAMILY'];
08/05/2021 09:21;b'Yo BANJARNEGARA, bansos dijarah oknum negara';0;1,39E+18;Zanarikautsar;0;Twitter for iPhone;0;[];
08/05/2021 09:20;b'@SiaWilsia @febridiansyah tul skl..\nkorupsi bansos itu salah nya \npak anies ta bong..\n\nbukn cebong buduk klw ga\nbloon.. https://t.co/cOQ83kFzPc';0;1,39E+18;MawarSolitaire;1;Twitter for Android;0;[];
08/05/2021 09:19;b'@PRFMnews harusnya bansos covid itu cairnya nanti setelah musim lebaran beres, ga pada punya trik sih jadi weh\xf0\x9f\x98\x83';0;1,39E+18;PenontonUmum_;0;Twitter for Android;0;[];
08/05/2021 09:18;b'@eko_kuntadhi Kalau kasus ngentit bansos Covid19 siapa yg salah bang?';0;1,39E+18;bferiyanto;0;Twitter for iPhone;0;[];
08/05/2021 09:16;b'@fadlizon Intinya KPK di lemahkan, Supaya Harun Masiku bisa di Hadirkan Kembali Ke Indonesia, dan Metrei Sosial Yang Korupsi dana BANSOS tidak jadi di hukum mati. Ooooeeaaa Satu Lagi Agar PARTAI JUARA KORUP di Indonesia bisa bernafas lega';0;1,39E+18;Aulia2Said;0;Twitter for Android;1;[];
08/05/2021 09:14;b'Tim Satgas KPK Kasus Suap Bansos dan Impor Benur Banyak yang Tak Lolos TWK\n\n#KPK #satgaskpk\n\nhttps://t.co/YcHa9YJisA';0;1,39E+18;smartizen_;0;Twitter for Android;0;['KPK', 'satgaskpk'];
08/05/2021 09:11;b'@verticalscape @ajeaja07 @dpermadhy @FaisalBasri Kalau uang bansos yg  jarah,,,koq masih pada nerima saat ini,,,,anda dimana saat itu https://t.co/tuhntpfLFb';0;1,39E+18;Raffandy12;0;Twitter for Android;0;[];
08/05/2021 09:04;"b'@amn8325mohmd @BERKARYA_NET Jls lbh parah mobil esemka dong\'tak berwujud tpi ampuh buat jurus ngibul.\nAda jga yg ngakunya kang martabak trnyta rasanya batu bara.\nAda jga yg doyan sma dana bansos buat rakyat.ada jga yg doyan matiin mix mntang""titipan mama.\nMcam laa klakuannya. \xf0\x9f\x98\x80'";0;1,39E+18;Jokowo09994509;0;Twitter for Android;0;[];
08/05/2021 08:55;b'@OposisiCerdas Maling bansos apakabar??...';0;1,39E+18;SanjayaSandi5;0;Twitter for Android;0;[];
08/05/2021 08:52;b'@rmacellak @febridiansyah Thrx dr Sisa Bansos... Dan Nyonya Penggagas Ekasila';1;1,39E+18;dg_kawank;0;Twitter for Android;0;[];
08/05/2021 08:52;b'BANSOS POLSEK PULUNG POLRES PONOROGO KEPADA WARGA YANG RUMAHNYA TERBAKAR - Kanal Ponorogo https://t.co/NSOA4EbF8i https://t.co/LevxNMhohZ';1;1,39E+18;SeputarPonorogo;0;dlvr.it;0;[];
08/05/2021 08:50;b'Pengen batagor bansos bluru, perjalanan e 20 menit Wedi gabuka:(';0;1,39E+18;mbaknab;0;Twitter for Android;0;[];
08/05/2021 08:46;b'@Dennysiregar7 @KPK_RI Kaki tangan madam bansos lagi mengalihkan isue bipang wkwkwk';0;1,39E+18;suaraha00716821;0;Twitter for Android;0;[];
08/05/2021 08:44;b'@Dennysiregar7 @KPK_RI Teringat juga letoynya menghadapi putrijuragan sama madame_bansos, klo masiku lw gk ingetkan?';0;1,39E+18;AchmadMundziri;0;Twitter for Android;0;[];
08/05/2021 08:40;b'@gar4200 Itu bukan leader tapi dealer jd apapun yg dia buat tergantung deal mana yg gede keuntungannya buat madam bansos, secara dia kan petugas partai. \xf0\x9f\x98\x81';0;1,39E+18;ayah_neisha;2;Twitter for Android;0;[];
08/05/2021 08:40;b'@TretanMuslim untuk sebuah sarung terlalu sedikit stok nya, anda mau disamakan dengan bansos';0;1,39E+18;ansfath_;0;Twitter for Android;0;[];
08/05/2021 08:37;b'Yang Halal.\nYg penting belinya pakai uang dari nyari nafkah yang halal.\n\nKalau beli pakai uang korupsi bansos ya tetep aja haram.\n\nAduh, Julid lagi... https://t.co/Shkl2kIefN';0;1,39E+18;IbnNashir;0;Twitter for Android;0;[];
08/05/2021 08:35;b'@zarqawis @fadjroeL Kalo ama Partai Madam Bansos udah Om, padahal ane gak ngapa2in, cuma nyinggung maslah komunis, PKI Reborn aja kok kek pada gerah bgt ampe main blokir. \xf0\x9f\xa4\xa6 \xf0\x9f\x98\xa5\xf0\x9f\x98\xb4 https://t.co/e60GDZvIHo';0;1,39E+18;Yoedhistira_531;0;Twitter for Android;0;[];
08/05/2021 08:30;b'@andry19633 @RamliRizal Korupsi Bansos terang benderang tapi dibikin gelap sama KPK';0;1,39E+18;AndreMan2003;0;Twitter for Android;0;[];
08/05/2021 08:29;b'@Raffandy12 @ajeaja07 @dpermadhy @FaisalBasri Iya bos uang bansos nya di jarah maling , maling yang sok NKRI , maling yang sok paling Pancasila ...';0;1,39E+18;verticalscape;0;Twitter for Android;0;[];
08/05/2021 08:25;b'Tribunus Bali -  Peduli Covid-19, Warga Desa Rebono Peroleh Bansos Dari Polsek Wonorejo https://t.co/1cPx7qxojf';1;1,39E+18;tribunusbali;0;IFTTT;0;[];
08/05/2021 08:24;b'@republikaonline Tangkap madam bansos temukan Harun masiku mungkin rezim langsung habis masanya';0;1,39E+18;hakieeem;0;Twitter for Android;0;[];
08/05/2021 08:13;b'@HukumDan Korupsi bansos &amp;0;;;;;;;
08/05/2021 08:11;b'@JihanMila0 Biasanya akun akun yg gak mengakui pak jokowi presidennya, giliran pembagian bansos, antre paling depan..\xf0\x9f\x98\x82\xf0\x9f\x98\x82';0;1,39E+18;hunter_dhab;0;Twitter for Android;0;[];
08/05/2021 08:01;b'Cicak vs buaya jilid 2 bossnya dia kena angkut, ya wajar lah si @Fahrihamzah pasang badan, baca dulu sejarahnya, gak usah monolog. \n\nYg harusnya lo bela skrg madam bansos dan kang goodybag, idola lo tuh. https://t.co/epRwnVKiQQ';0;1,39E+18;beembooss;0;Twitter for Android;0;[];
08/05/2021 07:58;b'@TjwanSwie @msaid_didu Hahaha...Guoblok bin Tolol dipiara kau gegara disuntik Fucksin Babi yaa. \nMaling Bansos, Jiwasraya, Asabri, di zaman siapa Cuung kacuung \xf0\x9f\xa4\xae\xf0\x9f\xa4\xae.';0;1,39E+18;Wanc_15M4_69;0;Twitter for Android;0;[];
08/05/2021 07:54;b'@Raffandy12 @Fery36624075 @RaisaTjokrodnta @panca66 @jokowi Itukan Uda selesain DUNGU \xf0\x9f\xa4\xa3\n\nYg rakyat Indonesia inginkan sekarang siapa sebenarnya madam bansos \xf0\x9f\x98\x9b';0;1,39E+18;TriEkoTaruna3;1;Twitter Web App;0;[];
08/05/2021 07:53;"b""Ada yg gini ada yg foya2 pake uang korupsi abis 'capek' bagiin bansos \xf0\x9f\x98\x9e\xf0\x9f\x98\x9e\xf0\x9f\x98\x9e\xf0\x9f\x98\x9e https://t.co/zhTViDNqUg""";0;1,39E+18;triggggred;0;Twitter for iPhone;0;[];
08/05/2021 07:52;b'Tanda2 ekonomi Indonesia mulai membaik. Pertumbuhan ekonomi pada TW1 2021 sebesar 1,45%.\n\nPemerintah masih terus mengupayakan agar ekonomi tahun ini semakin menguat. Berbagai program dijalankan, seperti insentif pajak, bansos, vaksinasi, kartu prakerja, dll. https://t.co/6y0lSwsMte';1;1,39E+18;narkosun;9;Twitter for Android;0;[];
08/05/2021 07:44;b'Koq sebut nama lsg sih, min? Kan bisa anak pak lurah, goodie bag bansos atau apalah.. Jahat ihh.. https://t.co/Zy9G9wmDdH';0;1,39E+18;Komaini_ahmad24;0;Twitter Web App;0;[];
08/05/2021 07:41;b'@TirtoID Waduh keduluan korupsi bansos nih\xf0\x9f\x99\x8a\xf0\x9f\x99\x88';0;1,39E+18;dikairzandi;0;Twitter for iPhone;0;[];
08/05/2021 07:37;b'@tempodotco Saya yakin semua koruptor yang tes kebangsaan pasti lulus\xf0\x9f\xa4\xa3, apa lg yang korupsi bansos. Madam bansos itu pasti jago tes kebangsaan\xf0\x9f\xa4\xa3';0;1,39E+18;ini7indonesia;0;Twitter for Android;0;[];
08/05/2021 07:35;b'@TjwanSwie @w40ne4j4 @msaid_didu maksudnya madam bansos??????';0;1,39E+18;mandar_bara;0;Twitter Web App;0;[];
08/05/2021 07:31;b'@Dennysiregar7 @KPK_RI Masih berani nggak ya... https://t.co/8FWBvkk6qv';;1,39E+18;adiwdj;0;Twitter for Android;0;[];
08/05/2021 07:29;"b'kalau miskin prestasi, buktinya Pak dhe terpilih lagi \xf0\x9f\x98\x82\nbansos !! kan udah diproses hukum \'\nSit Pandemik Negara kita Aman2 saja..semua bekerja dgn baik..\xf0\x9f\x98\x8e\nIni semua karna kasih sayang.""\nTUHAN ""..\xf0\x9f\x98\x8d https://t.co/1eQ9VZtx0u'";0;1,39E+18;JUSTICE44723801;1;Twitter for Android;0;[];
08/05/2021 07:28;b'@KompasTV @jokowi ajakan boleh2 saja tapi dengan solusi, beli beras aja susah belanja online wxwxwxwx, bagi orang kaya mungkin ndak terfikirkan, bagi rakyat kecil bagaimana, bansos sampek ke warga mungkin tinggal 40% dari anggaran';0;1,39E+18;eko_supriyant07;0;Twitter Web App;0;[];
08/05/2021 07:26;b'@msaid_didu @fadjroeL byk berita ya \nBipang, Jipang, Penyekatan, WNA China datang, Test di KPK\nKorupsi Bansos blm selesai dan Harun Masiku blm selesai';0;1,39E+18;IND_MAJU;0;Twitter for Android;0;[];
08/05/2021 07:24;b'@VIVAcoid Dana bansos aja di hajar sama mentrine....';0;1,39E+18;Widi78820100;0;Twitter for Android;0;[];
08/05/2021 07:20;b'@republikaonline Sejak dulu masyarakat pro Pancasila, perilaku pejabat negara yg banyak tidak beri contoh tauladan pengamalan Pancasila , contoh KORUPSI Bansos, tangkap tangan KPK dll. kalau koruptor harus dihukum berat, Penegakkan Hukum jangan tumpul ke atas , runcing kebawah.';0;1,39E+18;StSyafriadi;0;Twitter for Android;0;[];
08/05/2021 07:18;b'@democrazymedia @la1laha1llallah Wktu kampanye partai nya wong cilik, dah berkuasa bukan lagi jd partai wong cilik malah partai yg sukanya nyusahin wong cilik,bansos wong cilik pun dikorupsinya....';0;1,39E+18;Boruto7324;0;Twitter for Android;0;[];
08/05/2021 07:15;b'Jadi buat orang tuaaa tolong buat pembagian THR jangan sampe salah sasaran ya kaya bansos. Harus tau siapa yg benar benar butuh uang https://t.co/6gKIznUsP7';0;1,39E+18;dandyekadrmwn;0;Twitter for Android;0;[];
08/05/2021 07:09;b'@javigganese @_VinylandVino_ Kui lho bansos khas amrik';0;1,39E+18;RyHerdiansyah;0;Twitter for Android;0;[];
08/05/2021 07:08;b'#Cara Cek Bansos PKH, Bantuan Pangan, BLT UMKM dan BLT Dana Desa, Cair Sebelum Lebaran - Tribun Jambi #Kodepos #Desa https://t.co/hIrEdtvfRq # Cara Cek Bansos PKH, Bantuan Pangan, BLT UMKM dan BLT Dana Desa, Cair Sebelum Lebaran\xc2\xa0\xc2\xa0Tribun Jambi';1;1,39E+18;kodepose;0;IFTTT;0;['Cara', 'Kodepos', 'Desa'];
08/05/2021 07:07;b'@Partono_ADjem IQ sy 141 Pak Djem makanya cerdas kan hahaha\n\nDia ngebahas gk digaji lalu mati kelaperan, lah dia kerja msh dpt makan dia lupa kalau di luar bnyk yg dr setahun lalu utk makan aja hrs nunggu bansos yg makin lama makin dikit isinya \xf0\x9f\x98\x85';0;1,39E+18;Deffal_AG;0;Twitter for iPhone;0;[];
08/05/2021 07:05;b'@Adian85765055 @kusno92452495 @zarazettirazr Yg gondol duit bansos bukan mabuk.. Tapi sdh ga waras';0;1,39E+18;puspa_riyadi;0;Twitter for Android;0;[];
08/05/2021 07:00;b'https://t.co/sPeKkGxss6 \xe2\x80\x93 Komisi Pemberantasan Korupsi (KPK) menyatakan 75 pegawai tak lulus dalam Tes Wawasan Kebangsaan (TWK). Beberapa sumber mengatakan, bahwa pegawai KPK yang tak lolos adalah penyidik, bahkan ada yang sedang menangani kasus kakap seperti bansos Covid-19.\n\n\xe2\x80\xa6 https://t.co/Ghg9D0GJ1S';0;1,39E+18;Indopolitika;0;IFTTT;0;[];
08/05/2021 06:58;b'Ah anjir w mikir kok bisa sebanyak itu.\nRupanya 10 ribu dari dana bansos :)) https://t.co/pkpKTGXhjl';0;1,39E+18;DEFence_hr;0;Twitter for Android;0;[];
08/05/2021 06:54;b'@Siti_Khadijah95 Korupsi bansos';0;1,39E+18;BurhanudinAsep2;0;Twitter for Android;0;[];
08/05/2021 06:53;b'#BeritaPidieJaya\nBansos menjelang Idul Fitri 1442 Hijriah ini diserahkan melalui kecamatan masing-masing kepada penerima dalam delapan kecamatan di Pidie Jaya. Jumlah tepatnya Rp 1.421.700.000. \nhttps://t.co/Bm9EIA4GBr';1;1,39E+18;serambinews;0;Twitter Web App;0;['BeritaPidieJaya'];(+)
08/05/2021 06:42;b'@chimolreza Dapet dana bansos kah om cimol?';0;1,39E+18;AdeBudiarsahSIp;0;Twitter for Android;0;[];
08/05/2021 06:40;b'@afrkml Menolak lupa waktu nakes terpaksa pake APD bikinan sendiri, pemerintah bukannya simpati dikit ngasih APD yg lebih layak malah dijadikan konten.\nDana bansos diembat juga.\nDi atas isinya emang bangsat2 semua.';0;1,39E+18;Penghuluikan;0;Twitter for Android;0;[];
08/05/2021 06:38;b'@Syaiful18532221 @BERKARYA_NET Itu sisi gelapnya \n\nDan tidak ikut bancakan bansos, tidak ikut menghilangkan harun masiku juga tidak ikut bancakan jiwasraya dan asabri. \n\nYang katanya pelakunya orang orang baik';0;1,39E+18;SARJITO1968;0;Twitter for Android;0;[];
08/05/2021 06:35;b'BKTM KEL. SETONOPANDE AIPTU SYAIFUDIN YURI\nDi Lingkungan RT 06 RT 04 kota Kediri\n\nBhabinkamtibmas dengan anggota PPKM MIKRO Kelurahan Setonopande  Melaksanakan Penyaluran Bansos dari Indomaret TBK melalui Dinsos Kota Kediri yg disalurkan ke warga penderita ODGJ https://t.co/61XXZbupUL';1;1,39E+18;polsekkdrkota;0;Twitter for Android;1;[];
08/05/2021 06:32;b'BKTM KEL. BALOWERTI\nAIPTU M. CHAMSON SYAFII.\n\nSambang kegiatan pembagian bansos sembako dari Dinas Sosial Kota Kediri kepada anak-anak yatim piatu di Yayasan Panti Asuhan Al Ikhlas, pelaksanaan tetap mematuhi protokol kesehatan https://t.co/z0ry0SZRzt';1;1,39E+18;polsekkdrkota;0;Twitter for Android;1;[];
08/05/2021 06:23;b'@republikaonline Di sini yg parah pengutil dana bansos covid ya \xf0\x9f\x98\x82\xf0\x9f\x98\x82\xf0\x9f\x98\x82';0;1,39E+18;YenitaMansur2;0;Twitter for Android;0;[];
08/05/2021 06:21;b'@VIVAcoid Klau gak bisa ngasih bansos ya gak usah ngatur2 membatasi ekonomi rakyat,,gak mslu apa,,?';0;1,39E+18;solehudien30;0;Twitter for Android;0;[];
08/05/2021 06:19;b'@Dennysiregar7 Yang lo bilang taliban itu yang nangkep Koruptor Bansos....E-KTP dan Benih lobster....tolollll\nwajar sih ..secara elo2 dibayarnya sama koruptor nya..';0;1,39E+18;kzaldi1;0;Twitter for Android;0;[];
08/05/2021 06:16;b'@CNNIndonesia sekalian jangan kasi ampun yang nilep uang bansos covid ya ga?';0;1,39E+18;gamapila;0;Twitter Web App;0;[];
08/05/2021 06:16;b'@CNNIndonesia Tindak tegas tuh para koruptor duit rakyat dan negara,garong bansos...baru tindak tegas setegas tegasnya.';0;1,39E+18;mfadli37;0;Twitter for Android;0;[];
08/05/2021 06:11;b'Peduli Covid-19, Warga Desa Rebono Peroleh Bansos Dari Polsek Wonorejo https://t.co/dlJM7rq1Xw';0;1,39E+18;hotlinetribunus;0;IFTTT;0;[];
08/05/2021 05:57;b'Kalo di indo bansos kali ye \xf0\x9f\xa4\xa3 https://t.co/gKHhAbQwsr';1;1,39E+18;Nilafrianti;0;Twitter for iPhone;0;[];
08/05/2021 05:54;b'Di sisi lain negeri ini, ada dana bansos yang dikorupsi buat karaoke dan sewa purel...\n\nBejat! https://t.co/ahe1W3hfVB';0;1,39E+18;MahesaDesaga;0;Twitter for Android;0;[];
08/05/2021 05:51;b'Ini orang bis gak dikasik bansos kebangetan sih https://t.co/9lQ5EIZRIB';0;1,39E+18;hasanfuad;0;Twitter for Android;0;[];
08/05/2021 05:50;b'Mau tanya, KAPAN para koruptor bansos, buron harun masiku, para petinggi PDI-P yg terlibat korupsi bansos dan mau merubah ideologi Pancasila, DITANGKAP? Sibuk men-teroris-kan FPI, para anjay suranjay, sampek lupa tugas negara\xf0\x9f\xa4\xa3\n\nSobat Tweeps, JANGAN LUPAKAN #6SyuhadaFPI YA, ok?\xf0\x9f\x91\x8c';0;1,39E+18;SujanaDemian;5;Twitter Web App;0;['6SyuhadaFPI'];
08/05/2021 05:48;b'@VIVAcoid Yg mudik ada 2 macam. Krn kehilangan kerja jd kepaksa mudik. Yg banyak duit jadi Maksa mudik. Nah.mungkin yg Gol 2 itu yg ga butuh bansos lagi.';0;1,39E+18;anton_sukisno;0;Twitter for Android;0;[];
08/05/2021 05:45;b'@republikaonline Keteladanan apa yang sudah diberikan PDIP? Kadernya yang ada di DPR dan DPRD banyak yang koruptor. Yang jadi kepala daerah juga banyak korupsinya. Yang jadi Menteri apalagi, uang bansos disikat, dikorupsi sampai milyaran. Masih tidak tahu malu menyebut Pancasila.';0;1,39E+18;PutraMerdeka9;0;Twitter for Android;0;[];
08/05/2021 05:44;b'@ajeaja07 @dpermadhy @verticalscape @FaisalBasri \xf0\x9f\x98\x85\xf0\x9f\xa4\xa3\xf0\x9f\xa4\xa3\xf0\x9f\xa4\xa3\xf0\x9f\x98\x84\xf0\x9f\x98\x84nge gas,,,,knpa anda gak dapat bansos atau blt ya,,,ngiri bilang bos,,,,';0;1,39E+18;Raffandy12;0;Twitter for Android;0;[];
08/05/2021 05:41;b'@Toni7216 @MalutSua @adearmando1 Elu kena tipu genk Bansos....jadi otak lu nelen nya cuma beras Raskin doank tuh Bong \n\nMuka lu benahin dulu kalo mau nglawan gue \xf0\x9f\x98\x81';0;1,39E+18;Perfect_Laster;0;Twitter Web App;0;[];
08/05/2021 05:37;b'@kh_notodiputro @yulianis13450 Berita 2017 pak. Yg masa kini itu bahas korupsi Bansos, Asabri dan Jiwasraya. Nilainya raksasa.';0;1,39E+18;THaripriambodo;0;Twitter for Android;0;[];
08/05/2021 05:37;b'@Mega_maulidia @eedhazz99 di jaman pak harto korup uang bansos segitu mah duit kecil bos \xf0\x9f\x98\x82, umur brp sih loe? palingan jg ga pernah ngerasain hidup d jaman pak harto \xf0\x9f\x98\x82';0;1,39E+18;malang_revolt;0;Twitter for iPhone;0;[];
08/05/2021 05:37;b'@pluvjeong wkwk iya engga sih tapi males kalo disuruh foto mukanya kaya orang nerima bansos\xf0\x9f\x98\x94';;1,39E+18;judpiter;0;Twitter Web App;0;[];
08/05/2021 05:36;b'@republikaonline pro pancasila = korupsi bansos';0;1,39E+18;uson_r;0;Twitter for Android;0;[];
08/05/2021 05:35;b'Terdapat dua bantuan sosial yang cair pada bulan Mei 2021, yaitu Program Kartu Sembako atau Bantuan Pangan Non-Tunai (BPNT) dan\xc2\xa0Program\xc2\xa0Keluarga\xc2\xa0Harapan\xc2\xa0(PKH)\nSementara itu, penyaluran Bansos Tunai Rp 300 ribu hanya berjalan sampai April 2021.\n\n@jokowi';1;1,39E+18;muta_nafia;0;Twitter for Android;0;[];
08/05/2021 05:34;b'@judpiter NGAKAKKKKK KEK NERIMA BANSOS https://t.co/Fa8Sw3Xk37';;1,39E+18;milky_meiroo;0;Twitter for Android;0;[];
08/05/2021 05:34;b'ntar pasti fotonya kaya orang nerima bansos\xf0\x9f\x98\xad';0;1,39E+18;judpiter;0;Twitter Web App;0;[];
08/05/2021 05:34;b'Situ enak nakes punya gaji, situ enak ibunya sakit masih bisa dibawa ke RS. \n\nSeolah2 kondisi kek gini kita seneng gitu. Liat orang susah kita tutup mata gitu.\n\nYang punya amanah, yang korup bansos ngga kalian minta tanggung jwbnya malah sibuk nyerang sesama rakyat.';0;1,39E+18;vierda;91;Twitter for Android;0;[];
08/05/2021 05:33;b'@milky_meiroo iyaa baik met tapi males ga sih kalo disuruh foto mukanya kaya orang nerima bansos\xf0\x9f\x98\xad';0;1,39E+18;judpiter;0;Twitter Web App;0;[];
08/05/2021 05:28;b'@itshinatae @txtdrpemerintah Yo lek aku pribadi sih percoyo emg pancen cvd iku ono, tapi iki wes kebangeten carane lek kabeh di bisniske, bansos dikorup, alat antigen di daur ulang, keluar masuk wna bebas, opo gak taek taek an ikii??';0;1,39E+18;drobertnug90;1;Twitter for iPhone;0;[];
08/05/2021 05:26;b'@Tonostark_ @memefess Teriak anti korupsi, eh maling duit bansos, tebak siapa hayo..\xf0\x9f\x98\x82';0;1,39E+18;Ardhiansyh_f;0;Twitter for Android;0;[];
08/05/2021 05:23;b'Laksanakan Kegiatan DDS, Polsek Pademangan Salurkan Bansos ke\xc2\xa0Warga https://t.co/1xuGIjLyO6';1;1,39E+18;liputan4com;0;WordPress.com;0;[];
08/05/2021 05:22;b'Nek aplikasi pengaduan \xe2\x80\x9cWargaku\xe2\x80\x9d paleng akeh nerimo aduan bansos, lowongan kerjo barek dalan rusak. Lha poro kadang ngajokno pengaduan opo malam minggu iki nang Monggo Tresno Budoyo?';0;1,39E+18;mtbfmsurabaya;0;TweetDeck;0;[];
08/05/2021 05:21;b'Solusinya hrusnya dikasih bansos biar pda netep di Jakarta, yha bansos nya aja dikorupsi kan bajingan https://t.co/yLOmsOkLRC';0;1,39E+18;mochies95;0;Twitter for Android;0;[];
08/05/2021 05:18;b'@kompascom Udah terima bansos blom om ? \xf0\x9f\xa4\xad';0;1,39E+18;YenitaMansur2;0;Twitter for Android;0;[];
08/05/2021 05:17;b'Ketika kalian semua sibuk sama mudik, ada cita citata yang bisa di sewa pake dana bansos.';0;1,39E+18;mangarajairwan;1;Twitter for Android;0;[];
08/05/2021 05:14;b'Terdapat dua bantuan sosial yang cair pada bulan Mei 2021, yaitu Program Kartu Sembako atau Bantuan Pangan Non-Tunai (BPNT) dan\xc2\xa0Program\xc2\xa0Keluarga\xc2\xa0Harapan\xc2\xa0(PKH)\nSementara itu, penyaluran Bansos Tunai Rp 300 ribu hanya berjalan sampai April 2021.\n\n@jokowi \n\nhttps://t.co/85ZiIwcH5H';1;1,39E+18;Revenge00810455;2;Twitter Web App;0;[];
08/05/2021 05:03;b'Giat Bhabinkamtibmas AIPDA DEDI S SARAGIH  Melaksankanan Bansos Dalam Rangka Menjelang Hari Raya Idul Fitri  memberikan bantuan melalui  berupa 5 kg beras cap tomat dan Tali asih  Kepada Bpk LALLAN Desa Silau padang kec  Sipispis Kab Sergai,uang terdampak dari pandemi Virus Covid https://t.co/M2ltzn8Wac';1;1,39E+18;polseksipispis1;0;Twitter for Android;0;[];
08/05/2021 05:03;b'Warga surabaya keluhkan verifikasi MBR yang kacau supaya dapat bansos dari pemkot, bahkan warga meninggal sampai dapat jatah bantuan. #MBR https://t.co/j5t2xuyn6L';0;1,39E+18;jpnncom;0;JPNN News Update;0;['MBR'];
08/05/2021 05:01;b'@noahdavert @aldrinradius @maviegibson Mau bansos apa mau menekan gue sih? \xf0\x9f\x98\x8a';0;1,39E+18;cassagibson;0;Twitter for Android;0;[];
08/05/2021 05:01;b'Ora ming pasar ro toko klambi lek kebak, skincare yo melu antri. Malah kyo ngantri bansos neng bank \xf0\x9f\x98\xae';0;1,39E+18;agungsethiawan;0;Twitter for Android;0;[];
08/05/2021 04:57;b'@ajeaja07 @dpermadhy @verticalscape @FaisalBasri Nge gasgak di gaji memang,,tapi bansos dan blt no 1\xf0\x9f\xa4\xad\xf0\x9f\xa4\xad\xf0\x9f\xa4\xad\xf0\x9f\xa4\xad\xf0\x9f\xa4\xad';0;1,39E+18;Raffandy12;0;Twitter for Android;0;[];
08/05/2021 04:54;b'@noahdavert @aldrinradius @maviegibson Yaudah berempat aja anjrit kita bansos.';;1,39E+18;cassagibson;0;Twitter for Android;0;[];
08/05/2021 04:54;b'banget, apalagi masih muka bantal terus di foto. auto kaya penerima bansos https://t.co/ve5fdcUnRp';0;1,39E+18;talkticve;0;Twitter for Android;0;[];
08/05/2021 04:53;b'@KPK_RI pelaksanaan tes kebangsaan ditenggarai oleh sebagian masyarakat sebagai upaya menutupi kasus korupsi yg dilakukan oleh elit2 partai, spt ekport benur, korupsi bansos yg melibatkan madam bansos, pemeriksaan AS wakil ketua MPR dsb..';0;1,39E+18;alin_raihani;0;Twitter Web App;0;[];
08/05/2021 04:52;b'@ChristWamea amanah UU nenek lu...pelaksanaan tes kebangsaan ditenggarai oleh sebagian masyarakat sebagai upaya menutupi kasus korupsi yg dilakukan oleh elit2 partai, spt ekport benur, korupsi bansos yg melibatkan madam bansos, pemeriksaan AS wakil ketua MPR dsb..';0;1,39E+18;alin_raihani;0;Twitter Web App;0;[];
08/05/2021 04:51;b'melawak sekali negaramu kawan\n\nbansos dikorup, liga tarkam, wisata dibuka, dilarang mudik, and then welcome wna :)';0;1,39E+18;andiws_;0;Twitter Web App;0;[];
08/05/2021 04:48;b'@republikaonline Apa bosan x hannya ucapan Aku pancasila..tapi hukum ada tajam ada tumpul.. Korupsi bansos.. Koflik..';0;1,39E+18;kalap_corona;0;Twitter Web App;0;[];
08/05/2021 04:46;b'Ga percaya dgn covid? Silakan...\nTp kenapa giliran ga dpt bansos Covid teriak duluan? Indonesia negeriku...orangnya lucu2...macam2 pikirannya~~ \xf0\x9f\x8e\xb6\xf0\x9f\x8e\xb5';0;1,39E+18;trinugraha_afi;0;Twitter for iPhone;0;[];
08/05/2021 04:45;b'@pazzollee @detikcom Bansos beras bau. Ternyata dikorupsi.';0;1,39E+18;XMQRX;0;Twitter for Android;0;[];(-)
08/05/2021 04:44;b'@eedhazz99 G berani korupsi...? Wow itu yg ngentit bansos gimana dong...';0;1,39E+18;masdari567;0;Twitter Web App;0;[];
08/05/2021 04:43;b'@Hairy25076423 @LaNyallaMM1 @Lisaamartatara4 Judul kalian buat sendiri, disebarin sendiri diramaikan sendiri, medianya juga sekolam sepercebongan. Hanya orang bodoh yg masih bisa ditipu2. Maling Bansos tuh yg diberitain. Jelas. Bukan fitnah2 mulu. Tobat. Umurmu ga lama. Semua akan dipertanggungjawabkan.';0;1,39E+18;TheCircle25;0;Twitter for Android;0;[];
08/05/2021 04:42;b'@OposisiCerdas Pejabat indonesia rame2 korupsi bansos';0;1,39E+18;Yoga68440479;0;Twitter for Android;0;[];
08/05/2021 04:41;b'@NurmaMontok Udh ky bansos minta d tungguin';;1,39E+18;DitaYogi2;0;Twitter for Android;0;[];
08/05/2021 04:39;b'Giat Bhabinkamtibmas AIPDA DEDI S SARAGIH  Melaksankanan Bansos Dalam Rangka Menjelang Hari Raya Idul Fitri  memberikan bantuan melalui   berupa 5 kg beras cap tomat dan Tali asih  Kepada Bpk AJIS  Desa Silau Padang  kec  Sipispis yang terdampak dari pandemi Virus Covid 19. https://t.co/VYfDtvtuFf';1;1,39E+18;polseksipispis1;0;Twitter for Android;0;[];
08/05/2021 04:36;b'@AzzamIzzulhaq Pernyataan nya selalu bikin riuh akhirnya publik lupa dg masiku Madam bansos dll pelaku korupsi rezim';0;1,39E+18;Bayumaruti;0;Twitter for Android;0;[];
08/05/2021 04:34;b'@Stevaniehuangg @ayatabufathir Mamak bansos eh mensos kemana?\nKenapa negara gak hadir masalah begini?\nCariin kerjaan di @waskita_karya juga dong mak..';0;1,39E+18;gusdureen;0;Twitter Web App;0;[];
08/05/2021 04:29;b'@inggitababiel @riensayangku @febridiansyah 1. E-KTP, Bansos, Benur itu juga besar. \n2. Tak ada yang menganggap mereka dewa. \n3. KPK nerima suap ya silakan oknumnya diproses, sebagaimana kejaksaan maupun kepolisian juga tidak steril dari dugaan kasus suap.';0;1,39E+18;ahadiyoso;0;Twitter for Android;0;[];
08/05/2021 04:29;b'Bentar lagi juga hilang namanya seperti maling bansos pada hilang namanya.!! https://t.co/7MWDYeU72X';0;1,39E+18;Sulthan36350528;0;Twitter for Android;0;[];
08/05/2021 04:27;b'Hai #SahabatEkon\n\nPemerintah menyalurkan bansos dan Perlinsos diantaranya untuk meningkatkan konsumsi dan daya beli masyarakat.\n\nYuk simak informasinya.\nvia @PerekonomianRI\nhttps://t.co/QLqhuwCzYA';1;1,39E+18;RadioElshinta;1;TweetDeck;0;['SahabatEkon'];
08/05/2021 04:25;b'BKTM dandangan bersama tiga pilar dan dinsos, pembagian bansos disabilitas prov jatim https://t.co/5k49TOd1MA';1;1,39E+18;polsekkdrkota;0;Twitter for Android;0;[];
08/05/2021 04:25;b'SAYA MENGUTUK KERAS:\n\n1. KEBIADABAN GEROMBOLAN ZIONIS YANG MENYERANG JAMAAH TARAWIH DI MASJIDIL AQSHO\n\n2. PENYUSUN MATERI KEBANGSA(T)AN SELEKSI PEGAWAI @KPK_RI \n\n3. OKNUM PENGIMBAU MENU BIPANG (BABI PANGGANG) \n\n4. APARAT YANG MEMBIARKAN MADAM BANSOS HIDUP BEBAS\n\ncc @mohmahfudmd';0;1,39E+18;omar2000nur;0;Twitter for Android;0;[];
08/05/2021 04:22;b'@idtodayco PDIP Yg menonjol justru nilep dana BANSOS \xf0\x9f\xa4\xad';0;1,39E+18;YenitaMansur2;0;Twitter for Android;0;[];
08/05/2021 04:19;b'@collegemenfess Iyaa dikampung2 jg dilema soal bantuan pemerintah, selalu ngga masuk bansos tp butuh juga';0;1,39E+18;RiaVertika1;0;Twitter for Android;0;[];
08/05/2021 04:18;b'@movietoktokan @EJat3010 @iyaudahiyayauda @Dennysiregar7 @KPK_RI ya wajib di usut lah.... gak boleh dibiarin, juga komplotan kemaren yg korupsi dana bansos pun sama. begitujuga kalo ngalir ke partai merah itu.';0;1,39E+18;Ekapek33;0;Twitter for Android;0;[];
08/05/2021 04:18;b'@savicali Mau TWK .. litsus kek .. dari isi pertanyaannya aja sdh langgar HAM dan memecah belah umat islam, melecehkan .. wajib di pansus @DPR_RI kan .. hanya utk menyelamatkan koruptor2 bansos benur dll lalu membuang penyidik2 yg menanganinya dg pertanyaan keyakinan agama.\ndasar BIPANG !!';0;1,39E+18;SyukurAyub;0;Twitter for Android;0;[];
08/05/2021 04:17;b'anak cina anti bansos acab acab https://t.co/s7ie8Rq8xG';0;1,39E+18;skeptisyit;0;Twitter for Android;0;[];
08/05/2021 04:17;b'Giat Bhabinkamtibmas AIPDA SULISTYO Melaksankanan Bansos Dalam Rangka Menjelang Hari Raya Idul Fitri  memberikan bantuan melalui   berupa 5 kg beras cap tomat dan Tali asih  Kepada ibu SEKDA SINAGA Desa Sipispis kec  Sipispis Kab Sergai,yang terdampak dari pandemi Virus Covid19. https://t.co/6ppXJKHOPn';1;1,39E+18;polseksipispis1;0;Twitter for Android;0;[];
08/05/2021 04:15;b'@moan_pembebasan @RamliRizal Follower nya kebayakn dedemit atau jangan2 yang nerima bansos fiktif...';0;1,39E+18;apek_ko;0;Twitter for Android;0;[];
08/05/2021 04:14;b'@HukumDan Peliharaan, perawatan, Perlindungan yang membuat di istimewakan ... Teroris KKB, pelemahan KPK, korupsi BANSOS, Buzzer diam jadi bangke, BUZER NAJIIISSSS ....';0;1,39E+18;AchmadChoirull5;0;Twitter for Android;0;[];
08/05/2021 04:07;b'@republikaonline @msaid_didu Buat dan sebar kegaduhan pas bulan puasa...\nKasus2 besar semakin tertutup krn energi habis utk debat masalah kegaduhan yg disebar...\n\nKorupsi Bansos dadhine piye...? Dirampungke ora opo kanggo hukum dalanan?';0;1,39E+18;Aguspri0;0;Twitter for Android;0;[];
08/05/2021 04:07;b'RT @einar85247612: mana nih janjinya mau menghukum mati para pelaku korupsi terlebih lagi koruptor bansos #kpk \n#hukumatikoruptor @Na2Ricar\xe2\x80\xa6';0;1,39E+18;masanggung;1;Twitter for Android;1;['kpk', 'hukumatikoruptor'];
08/05/2021 04:06;"b'\xf0\x9f\x97\xa3\xef\xb8\x8f: ""hobimu apa? ""\n\xf0\x9f\x91\xa4: ""bikin larangan tapi ga ngasih solusi, bikin kebijakan yg merugikan, makan duit rakyat, korupsi dana bansos, masih banyak lagi deh""'";0;1,39E+18;gtaulgideh;0;Twitter for Android;0;[];
08/05/2021 04:04;b'Bansosnya rakyat dapet tetep.\nSoal korupsi bansos cm politis doank, biasa lah. https://t.co/KdjibbBatC';0;1,39E+18;Partono_ADjem;1;Twitter for Android;0;[];
08/05/2021 04:04;b'RT @aik_arif: Kalau yg beginian sudah lolos tes wawasan kebangsaan? https://t.co/uxAuSbb0OW https://t.co/uxAuSbb0OW';0;1,39E+18;MaiJebing;54;Twitter for Android;1;[];
08/05/2021 04:02;b'@dayatia Nakes g di bayarkan haknya.. asn di sunat haknya.. uangnya buat ap?  Buat bansos? Yang ad di korup.. cc @prastow';0;1,39E+18;Pembasmikedung1;0;Twitter for Android;0;[];
08/05/2021 04:01;b'@diskopukm_jatim \nSuka nyesek sendiri, bila ada tetangga atau teman yang sudah mampu tp terus2an dapat bansos. Sementara kami yg Alhmdulillah kurang begitu berungtung malah tak tersentuh.';0;1,39E+18;emile_AsShiba;0;Twitter for Android;0;[];
08/05/2021 03:58;b'@republikaonline mengapa mereka ini jarinya selalu menunjuk keluar?  korupsi bansos itu sangat mencoreng nilai2 pancasila.';0;1,39E+18;sevenismylucky;0;Twitter for iPhone;0;[];
08/05/2021 03:55;b'Giat Bhabinkamtibmas AIPDA SULISTYO Melaksankanan Bansos Dalam Rangka Menjelang Hari Raya Idul Fitri  memberikan bantuan melalui   berupa 5 kg beras cap tomat dan Tali asih  Kepada anak anakDesa Sipispis kec  Sipispis Kab Sergai,  yang terdampak dari pandemi Virus Covid 19. https://t.co/Ap3EQ87SWB';1;1,39E+18;polseksipispis1;0;Twitter for Android;0;[];
08/05/2021 03:55;b'Untuk mengecek apakah terdaftar sebagai penerima keempat bansos tersebut, masyarakat dapat secara mandiri mengeceknya. Masyarakat hanya perlu mengakses sejumlah situs yang telah disediakan pemerintah.\n\nhttps://t.co/cAb05enYqQ via @serambinews';1;1,39E+18;serambinews;0;Twitter Web App;0;[];
08/05/2021 03:53;b'@yerimamon @yujinaelle NTU BANSOS';1;1,39E+18;byomgeu;0;Twitter for Android;0;[];
08/05/2021 03:48;b'@Partono_ADjem udh dilockdown, kasih bansos dikorupsi pula';0;1,39E+18;JangRantau;0;Twitter for iPhone;0;[];
08/05/2021 03:47;b'Indonesia kena poverty trap karena ada yang mengaku wong cilik tapi aslinya licik\n\nbansos aja dikorupsi bos https://t.co/P59mHQGBXr';0;1,39E+18;fahmikazuki;1;Twitter for iPhone;0;[];
08/05/2021 03:45;b'@peyasie potonya jadi kek org nerima bansos';;1,39E+18;capetrtkn;0;Twitter for Android;0;[];
08/05/2021 03:42;b'@republikaonline Kalo yg Pancasilais koruptif macam maling duit bansos persentasenya naik atau turun?';0;1,39E+18;agus_p;0;Twitter for Android;0;[];
08/05/2021 03:42;b'@republikaonline yg koar2 pancasila paling bising aja maling bansos. gmn rakyat gak muak?';0;1,39E+18;roymz_13;0;Twitter for Android;0;[];
08/05/2021 03:36;b'@eedhazz99 Gak berani korupsi..\xf0\x9f\xa4\xa3\xf0\x9f\xa4\xa3 menggelikan...justru korupsi besar besaran sampe triliunan terjadi di era siapa..dana bansos di korupsi jaman siapa...melek doang ah...';;1,39E+18;YantoErni;0;Twitter for Android;0;[];
08/05/2021 03:32;b'@bengkeldodo woiii bangsat wercok bawa anjing woiii ke madam bansos yg maling duit bansos lo bawa tuh anjing';0;1,39E+18;spiritualist_m;0;Twitter for Android;0;[];
08/05/2021 03:29;"b""Lain Bu Tejo lain pula Bu Romlah. Kalau Bu Tejo ribut ngomongin tetangga, ini Bu Romlah ribut ngomongin bansos PKH. Padahal Bu Romlah hidupnya udah berkecukupan,  Penasaran dengan ceritanya? Yukkk simak film pendek komedi berjudul 'Curhat Minta Bansos'. \nhttps://t.co/4RLVGTuvhV""";0;1,39E+18;LinjamsosOke;2;Twitter for Android;0;[];
08/05/2021 03:29;b'(1) Resmikan Pengolah Sampah Energi Listrik, Jokowi: dari 7 Kota yg sy tunjuk, Surabaya yg Pertama JADI #PSELBenowo \n\nIbu Tri Risma Harini memang top. Ditunggu kiprah lanjutannya bu. Itulho 21juta data bansos terduplikasi \xf0\x9f\x98\xac\xf0\x9f\x98\x81 https://t.co/K3Mo9NcbpU';0;1,39E+18;poisons;0;Twitter for iPhone;0;['PSELBenowo'];
08/05/2021 03:28;b'@THaripriambodo Mamak bansos sm Gus Dur kelewat ya mas \xf0\x9f\x98\x81';0;1,39E+18;tgh_007;0;Twitter Web App;0;[];
08/05/2021 03:25;b'same goes to korupsi bansos like badut bgt thr dipotong gw ikhlas tp lalu dikorup';0;1,39E+18;febyals;0;Twitter for iPhone;0;[];
08/05/2021 03:23;b'Pemerintah itu sebenarnya mikir ga sih kenapa warga bisa sebegini acuhnya sama pandemi? Apa gabisa dicek lg kebijakan2 yg udah dibuat dan ga cuma nyalahin rakyat? \xf0\x9f\x98\xb6\n\nTermasuk kasus korupsi dana bansos sama pemakaian alat rapid bekas.\n\nAda asap ga mungkin ga ada apinya.';0;1,39E+18;pluenesia;0;Twitter for iPhone;0;[];
08/05/2021 03:15;b'@Tuti45931006 @republikaonline Tul...  Emang yg embat Bansos Pancasilais..?';0;1,39E+18;jakapujakesuma1;0;Twitter for Android;0;[];
08/05/2021 03:14;b'@swarakyatcom ITULAH BUKTI NYATA DARI ALAM SEMESTA BERPROSES MEMBUKA TABIR KEJUJURAN DAN KEBENARAN VIA REZIM IBU RISMA +/- 21 JUTA DATA PENERIMA BANSOS FIKTIF...MENGAPA REZIM SEBELUM IBU RISMA DALAM KEMENTERIAN SOSIAL NKRI STATUS QUA = MAIN PETAK UMPET....@jokowi @divisihumaspolri @puspentni';0;1,39E+18;DudaTahun;0;Twitter Web App;0;[];
08/05/2021 03:13;b'@eedhazz99 Hahhahaa.. bancakan bansos gimana memurutmu bong cebong.. dari partai apa ya.  Dan ada sosok madam bansos yg tak tersentuh.  .. gk baik terlalu mengkultuskan orang.. kkn kkn.. salah satu n nya itu nepotisme.. lah lah anak mantunya jadi walikota.. taekk.. taekkk';0;1,39E+18;Jhony62298150;0;Twitter for Android;0;[];
08/05/2021 03:13;b'Ini pemerintah gak pengen nambah relawan covid19 tanpa nambah anggaran? \nKeluarga yg dapat dana bansos, wajib yg kepala rumah tangga laki gak kerja dirumah aja n berbadan sehat ikut serta sebagai relawan covid19, di kota masing2 tempat tinggalnya.';0;1,39E+18;bumbudibungkus;0;Twitter for Android;0;[];
08/05/2021 03:09;b'Kalo minjem duit cuma 100 smp 500 sih ga di balikin trs lo pura2 lupa juga w legowo karna kenal banget, tp ga minjem duit mau 2 juta juga dong anjrit lo pikir gua panitia bansos \xf0\x9f\x98\xad';0;1,39E+18;namummmy;0;Twitter for Android;0;[];
08/05/2021 03:02;b'Ga ngerti deh gua sama sistem bansos bst yang di kantor pos cibinong gimana, saya ini dpt undangan nya baru semalem dan pagi langsung ambil kesini, karena dari info di kelurahan nya tgl 10 terakhir ambil, trs td ada yg bisa ambil padahal barengan datengnya, gimana sih gajelas https://t.co/aL6ZPxEX0y';0;1,39E+18;nyonyamentri;0;Twitter for Android;0;[];
08/05/2021 02:54;b'@febridiansyah NEGARA DI KUASAI KORUPTOR,, PARTAI TERKORUP...MADAM BANSOS';0;1,39E+18;pratasena;0;Twitter Web App;1;[];
08/05/2021 02:49;b'Login Disini Untuk Cek Penerima Bansos PKH Dan BPNT Cair Awal Mei 2021\n https://t.co/vMBebWyLDv';1;1,39E+18;Bralingnews;0;Twitter for Android;0;[];
08/05/2021 02:47;b'Emak ku buka bersama with dewan parpol today-___- pengen ikut kali aja bisa jd wong politik trus korupsi bansos\nWkwkwkkwkw\nAstagfirullah amit2';0;1,39E+18;albaqarahkariim;0;Twitter for Android;0;[];
08/05/2021 02:45;b'@asahigurll fotonya kek penerima bansos pasti ku juga gitu \xf0\x9f\x98\xad';;1,39E+18;uwocio;0;Twitter for Android;0;[];
08/05/2021 02:44;b'@yuliuswiwin1 @Dennysiregar7 Taliban? \nDefinisi taliban itu apa?\nJualan Radikal radikul udah, taliban skrg, intinya seretan kasus bansos aman \xf0\x9f\x98\x82\xf0\x9f\x98\x82';0;1,39E+18;dikagoka;0;Twitter for Android;0;[];
08/05/2021 02:39;b'@febridiansyah KAWAL TERUS MADAM BANSOS DAN ANAK PAK LURAH, HARUN MASIKU, ROBIN TERIMA SUAP,';0;1,39E+18;nur_mago;0;Twitter for Android;0;[];
08/05/2021 02:39;b'@FerdinandHaean3 @jokowi Banyak berita ya \n1. Kedatangan WNA China \n2. Kapal India merapat awak kapal positif covid\n3. TWK KPK pertanyaan janggal \n4. Rencana kenaikan PPN maks 15 % di 2022\n5. THR ASN \n6. Korupsi bansos dan Harun Masiku blm ketemu \n7. Beli oleh2 Babi Panggang \n8. Survey Cawapres 2024';0;1,39E+18;IND_MAJU;0;Twitter for Android;0;[];
08/05/2021 02:36;b'@Dennysiregar7 Seretan bansos aman yes';0;1,39E+18;dikagoka;0;Twitter for Android;0;[];
08/05/2021 02:35;b'@Oktovia77914000 @FerdinandHaean3 Merakyat korupsinya sampe jatah wong cilik melalui bansos disikat juga.\xf0\x9f\x98\x82\xf0\x9f\x98\x82\xf0\x9f\x98\x82. Cukup sampe disini saja jadi partai penguasa, mari kita sama kan dgn PD nasibnya pd pileg/pilpres 2024 !!!';0;1,39E+18;HinduanTahir;0;Twitter for Android;0;[];
08/05/2021 02:32;b'@aik_arif Coba tanya sama yg korupsi dana bansos';0;1,39E+18;_____beeeng;0;Twitter for Android;0;[];
08/05/2021 02:32;b'Sabar kan aing lagi tinggal di Indonesia ya. Pasti kalo yg baca kenapa ga pindah aja dari sini. Jawabannya pengen ajg, cuma ga ada duit , berharap sama bansos aja ga cukup. Udah ga cukup, dimakan sendiri pula. Hah dasar Woody ! :)';0;1,39E+18;reypratamap;0;Twitter Web App;0;[];
08/05/2021 02:23;b'@juyhwa Lho kan m e n teri dan pe j a bat ne g a r anya juga sibuk karaoke pake duit bansos kak gimana sie\xf0\x9f\xa5\xb0\xf0\x9f\xa5\xb0';0;1,39E+18;Topekhanbeondeo;0;Twitter for Android;0;[];
08/05/2021 02:21;b'Bagi Anda yang merasa penerima Bansos 2021 dari Kemensos yang mulai cari awal Mei, silakan cek cara mudahnya di bawah ini. https://t.co/82YZSPoxlf';1;1,39E+18;kompascom;2;dlvr.it;0;[];
08/05/2021 02:16;b'@antondehgue @menantuibumumas @saviraindhr @txtdrpemerintah Kasih makan rakyatnya. Wong bansos aja dikorupsi. Apalagi nanti kl ada dana lain yang digelontorkan pemerintah dengan jumlah besar, yahh korupsi juga nanti. Susah susah. Lagian kl per individu ga ngeyel dan ikutin prokes scr benar aja udah nenangin banget';0;1,39E+18;katjaistgut;0;Twitter for Android;0;[];
08/05/2021 02:15;b'@antondehgue @menantuibumumas @saviraindhr @txtdrpemerintah Bener. Pemerintah juga udah semaksimal mungkin menurutku handle covid ini tp ya gitu, bawah2annya yang hampir nyeleweng semua soal bansos dan ketentuan2 lain. Ekonomi kita gabisa lumpuh. Kita gabisa kayak eropa kudu lockdown total kek dulu2 itu ya as simple as negara ga sanggup';0;1,39E+18;katjaistgut;0;Twitter for Android;0;[];
08/05/2021 02:13;b'@JihanMila0 wkwkwk...maklum kl punya penyakit hati spt itu..Tuman..kl dpt dana bansos..antri paling dpn...munafik';0;1,39E+18;DhindaKanda;0;Twitter for Android;0;[];
08/05/2021 02:12;b'@cnbcindonesia dari awal jumawa covid ngak masuk indonesia sampai dana bansos di embat..akhirnya silahturahim umat di cekal..';0;1,39E+18;debrite;0;Twitter for Android;0;[];
08/05/2021 02:08;b'@satriohendri Km50\nHarun Masiku\nMadame bansos\nKorupsi benur\n\nRaib semua\xf0\x9f\x98\x9d\xf0\x9f\x98\x9d';0;1,39E+18;asyarifuddin66;0;Twitter for Android;0;[];
08/05/2021 02:02;b'@KanjengRadeen @QueenCinghoyyy @DivHumas_Polri @CCICPolri Gak dapet bansos apa yaa orang ini \xf0\x9f\xa4\xa3\xf0\x9f\xa4\xa3\xf0\x9f\xa4\xa3';0;1,39E+18;AdhiStanza;1;Twitter Web App;0;[];
08/05/2021 02:00;b'Yang ASN THRnya pada dipotong buat bansos covid, eh bansosnya malah dikorupsi';0;1,39E+18;tofompefel;0;Twitter for Android;0;[];(-)
08/05/2021 01:56;b'Aliran Suap Dana Bansos Juliari Batubara Untuk Foya-Foya hingga Gelontorkan Ratusan Juta ke Biduan Dangdut https://t.co/UFU3mIs96z';0;1,39E+18;zonajakarta1;0;Twitter Web App;0;[];
08/05/2021 01:54;b'@FiersaBesari Waah keadaan kaya gini pastii dinegaraa tetangga / negara lain.. pasti bukan di indonesia dong..\nKarena di indonesia orang miskin diperhatikan banget sampai dapet bansos, keputusan yang diberi pengadilan selalu adil seadil adilnya, sejahtera tinggal di indonesia.. \xf0\x9f\x98\xad\xf0\x9f\x91\x8c\xf0\x9f\x8f\xbc';0;1,39E+18;anaaaakkkecil;0;Twitter for iPhone;0;[];
08/05/2021 01:48;b'Kekaisaran Sunda Nusantara, Alex Ternyata Pengangguran dan Penerima Bansos https://t.co/QbpFkfwLfP';0;1,39E+18;BangMaestro;0;Twitter Web App;0;[];
08/05/2021 01:45;"b""Soal Laporan Risma, Rizal Ramli: Lengkap Skenario Perampokan Bansos Hak Orang Miskin' https://t.co/naDVx5xFwL lewat @SINDOnews\n\nTapi skrg pegawai2 KPK yang berintegritas malah dijerat TWK\xf0\x9f\xa4\xa6\xf0\x9f\x8f\xbb""";0;1,39E+18;Sahabat_Bangsa;31;Twitter for Android;0;[];
08/05/2021 01:39;b'@satriohendri 21 juta data fiktif bansos';0;1,39E+18;MHusen48982241;0;Twitter for Android;0;[];
08/05/2021 01:38;b'@NKRIJaya_ @KanjengRadeen @QueenCinghoyyy @DivHumas_Polri @CCICPolri Coba tanya nerima bansos ga si ibu dongo itu';0;1,39E+18;Sunhok16;0;Twitter for Android;0;[];
08/05/2021 01:38;b'Tetap aja anggota Partai Maling Bansos https://t.co/62M5AboX9t';0;1,39E+18;jmertani;1;Twitter Web App;0;[];
08/05/2021 01:37;b'@jockReborn @febridiansyah Itu kecelakaan. Pimpinannya gak setuju. Mirip bansos jg';0;1,39E+18;NgilmuKantiLaku;0;Twitter Web App;0;[];
08/05/2021 01:37;b'Aliran Suap Dana Bansos, Untuk Foya-Foya hingga Gelontorkan Ratusan Juta ke Biduan Dangdut https://t.co/uWi6YZPCkh';0;1,39E+18;zonajakarta1;0;Twitter Web App;0;[];
08/05/2021 01:34;b'@vdandre3 @jetsilvers @febridiansyah Yg udah pasti POSITIF tu kasus2 mega korupsi kek Jiwasraya, Asabri, E-KTP, BLBI, BANSOS, dll gak makin pasti perkembangannya. Eh, ditambah lg tes gak jelas... \xf0\x9f\xa4\xa6 https://t.co/tJe3CTQQAZ';0;1,39E+18;benwaeto;0;Twitter Web App;0;[];
08/05/2021 01:33;b'Penyidik KPK kini terbelah antara kelompok pendukung pengusutan tuntas korupsi dana bansos dan yang tidak. Kelompok pendukung diberhentikan. Caranya cukup halus. Melalui tes wawasan kebangsaan. Rakyat tau tapi takut,\xe2\x80\x9d kata Benny dikutip dari Twitternya https://t.co/HIfSAPAFlC';0;1,39E+18;Muis____;0;Twitter for Android;0;[];
08/05/2021 01:27;b'@aik_arif Dana bansos covid-19 dikorupsi..';0;1,39E+18;riswan__bae;0;Twitter for Android;0;[];(-)
08/05/2021 01:23;b'@Namaku_Mei Polisi gak brani nangkep pejabat,ingat kapeka,ingat dana bansos...mereka stres(ibarat diri kita)kalo stres justru barang/orang yang tidak bersalah yang dijadikan luapan kekesalan,sebab mereka yang paling lemah.';0;1,39E+18;NandaPusoko;0;Twitter for Android;0;[];
08/05/2021 01:20;b'@marlina_idha Pertaruhan bansos';0;1,39E+18;eelnoerony;0;Twitter for Android;0;[];
08/05/2021 01:19;b'@JebulMania291 Cara membaginya sangat beradab tdk pandang pilih, tidak di lempar seperti Ngaciro bagi bansos.';0;1,39E+18;Ndalem4;0;Twitter for Android;0;[];
08/05/2021 01:19;b'Nasib Kasus Besar Seperti Bansos di Tangan 75 Orang yang Tidak Lolos TWK, Laode: Kalau Hilang Diganti Siapa? https://t.co/mzefS58OUS lewat @Onlineindo News';0;1,39E+18;RepelitaO;0;Twitter Web App;0;[];
08/05/2021 01:18;b'Terungkap! Demokrat Duga Penyidik KPK di Kasus Bansos Diberhentikan Lewat Tes https://t.co/zXvSleaWSw';0;1,39E+18;Ngennez;0;IFTTT;0;[];
08/05/2021 01:15;b'@febridiansyah Dulu KPK keren bang Feb, tapi makin kesini kliatan banget ..  tebang pilihnya dan hilang tajinya. Kayak korupsi bansos, kok ga nangkep sampe ujungnya dll. https://t.co/2FF372a1I3';0;1,39E+18;amar_ramdani;0;Twitter for Android;0;[];
08/05/2021 01:12;b'ngga bgt kls etikor muter video pelayanan bansos HFTTT aib aibb';0;1,39E+18;emelonnn;0;Twitter Web App;0;[];
08/05/2021 01:11;b'@SheerlinaAlif @ratu12noer Teori konapirasinya, vaduka sengaja dibikin blunder, agar perhatian netizen tersedot, untuk menutupi sesuatu yg lebih besar. Siapa tau aja, pas kite lagi sibuk ke Bipang, tiba-2 ada TKA Cina dateng naek kapal luar angkasa atau koruptor bansos tiba-2 ude jadi dubes mars\xf0\x9f\xa4\x94';0;1,39E+18;auriga28th;1;Twitter for Android;0;[];
08/05/2021 01:06;b'Boro2 makan dicafe, mau makan enak aja nunggu sarden bansos \xf0\x9f\x98\x93 https://t.co/zUZuSmzHrc';0;1,39E+18;Giatadiyaksaa;0;Twitter for Android;0;[];
08/05/2021 01:05;b'Anggota Komisi Hukum DPR dari Fraksi Partai Demokrat menduga penyidik KPK yang menyidik kasus korupsi bantuan sosial atau bansos Covid-19 diberhentikan. Caranya, lewat tes wawasan kebangsaan.\n\n #TempoNasional\nhttps://t.co/wzlLEVHnx6';0;1,39E+18;berlianews;0;Twitter for Android;0;['TempoNasional'];
08/05/2021 01:05;b'Tengsin, staff-staff KPK mau diberhentikan KPK alasan ASN. \nTerungkap! Demokrat Duga Penyidik KPK di Kasus Bansos Diberhentikan Lewat Tes.\nAkhirnya terbongkar! Modus untuk menyelamatkan PDIP maling dana bansos. \nHahahaha CURANGS !!!\n\nhttps://t.co/shCZwZyQER';0;1,39E+18;OrangKoslet;1;Twitter for Android;0;[];
08/05/2021 01:02;b'@gandenganmuu @txtdrpemerintah dari awal udah beda sama wuhan, wuhan lockdown berbulan bulan ga ada yang keluar rumah 1 pun, buat rumah sakit khusus covid, vaksin dan lain lain, indonesia ?? mau di lockdown semua teriak, bansos dikorup, menolak vaksin, blm lagi hal lucu lainnya hehe';0;1,39E+18;duuuuuuta;1;Twitter Web App;0;[];
08/05/2021 00:57;b'@VIVAcoid Kwkwk parah ini siganjar, tuh Sono anggota kamu korupsi dana bansos, segitunya pencitraan';0;1,39E+18;HelmiRahim;0;Twitter for Android;0;[];
08/05/2021 00:57;b'Nah kan...gw bilang jg apaaa\nMasih linier dg penyiraman air keras - fitnah taliban - revisi uu kpk - berakhir dg tes kebangsatan. \nLiat aja kasus2 mega korupsi yg dibongkar, bansos, jiwasraya, asabri dll semua akhirnya bermuara ke you  know who lah \n#Kpk\xc4\xb0sDead https://t.co/GvBE0GNMHk';0;1,39E+18;CrushHopeless1;0;Twitter Web App;0;['KpksDead'];
08/05/2021 00:56;b'@KNPIMediaCentre @KPK_RI Berbahagialah maling dn calon maling bansos dn lobster\xf0\x9f\x98\x81';0;1,39E+18;hadycrbn;0;Twitter for Android;0;[];
08/05/2021 00:40;b'RT @awie0409: Larangan mudik, penyekatan jalan, pembatasan jam operasional kereta, masuknya WNA, deposito dana bansos covid di bank \xf0\x9f\x98\x82 lucun\xe2\x80\xa6';0;1,39E+18;deni_laffete;1;Twitter for Android;1;[];
08/05/2021 00:39;b'@emilsalim2010 Akhirnya kasus korupsi bansos covid 19 pun gelap. Yg awalnya akan dihukum mati ini malah jd melenggang dg santuy....';0;1,39E+18;adi_fir;0;Twitter for Android;0;[];
08/05/2021 00:31;b'@tempodotco @msaid_didu jika pegawainya muslim dan punya integritas maka akan ada suara keras radikal radikul dan taliban talibun, tes kebangsaan hanyalah pengalihan publik katena kasus korupsi bansos,jiwasraya dsb belum tuntas';0;1,39E+18;kembargroup;0;Twitter for Android;0;[];
08/05/2021 00:27;b'Pak/om/boss, \nMo tanya bagaimana kabar kasus2 berikut apa sudah kelarrr??? \n\n- Korupsi BPJS, ASABRI, BANSOS DLL\n- KASUS LASYKAR KM50\n- UANG 11REBU T\n\nKok terlihat sepi n nggada kabarnya lagi \n@Metro_TV\n@tvOneNews @suaramerdeka\n@detikfinance @KomnasHAM';0;1,39E+18;ekow797;0;Twitter for Android;0;[];
08/05/2021 00:24;"b'Kita sering dengar, ""membantu tidak cukup dengan uang,"" atau ""anak dari populasi rentan butuh bantuan yg lengkap."" Tapi, dengan apa dan bagaimana? @puskapa mengurainya \xf0\x9f\x91\x87\xf0\x9f\x8f\xbc\n\nhttps://t.co/1lNwR9FbER'";0;1,39E+18;SKningrum;3;Twitter for Android;0;[];
08/05/2021 00:22;b'Kebijakan dilarang mudik malah nyusahin yg mau nyari duit buat makan. Bantuan bansos di tilep. Antigen pake yg bekas. Penerbangan dari india malah bebas. Yg kaya mah kaya terus, yg miskin babak belur.';0;1,39E+18;deboraptrn;0;Twitter Web App;0;[];
08/05/2021 00:13;b'@eedhazz99 lah si menteri sosial kmrn yg korup uang bansos itu apaan\xf0\x9f\x98\x82 duh bingung aku';0;1,39E+18;Mega_maulidia;0;Twitter for Android;0;[];
08/05/2021 00:11;b'@dayatia dan bansos dikorupsi, ada yg dipake karoke. owalah tingkah pengelola negara negeri zimbabwe selatan';0;1,39E+18;rayn_hutomo;0;Twitter for Android;0;[];
08/05/2021 00:10;"b'@jokowi Pak Jokowi yang baik. Mbokyao saya ""diciprati"" THR haknya presiden. Sekali-sekali merasakan uang jatahnya orang nomor satu. Matur nuwun.\n#PatuhTidakMudik \n#kehilangan pekerjaan\n#tak lagi dpt bansos'";0;1,39E+18;SamsuhartoImron;0;Twitter for Android;0;['PatuhTidakMudik', 'kehilangan', 'tak'];
08/05/2021 00:04;b'@TirtoID Gara2 bansos yg di korupsi epeknya kemana2';0;1,39E+18;sarip_82;0;Twitter for Android;0;[];
